V30MZETH62100001,LOD101,Brand4,Model1,LARGE,K3100001,1998-05-16,192,14051
T71DBOSE49100002,LOD101,Brand1,Model1,MEDIUM,U0100002,2004-09-26,187,17986
C24QWNAU04100003,LOD101,Brand3,Model2,SMALL,B3100003,2019-12-08,166,12642
M28SBUFE05100004,LOD101,Brand1,Model2,SMALL,N2100004,2007-11-15,195,11420
W83POJCF48100005,LOD101,Brand2,Model4,BIG,G1100005,1996-07-29,101,15434
W64FAQPL84100006,LOD101,Brand1,Model1,SMALL,Y9100006,2000-10-12,118,15995
L93UGYLO28100007,LOD101,Brand2,Model3,MEDIUM,T9100007,2018-04-30,103,18485
V36UUFKZ07100008,LOD101,Brand1,Model4,BIG,Q9100008,2008-06-13,143,12705
P80WETZQ08100009,LOD101,Brand2,Model4,SMALL,C4100009,1992-02-04,190,13138
V69UFZNA71100010,LUB102,Brand4,Model2,MEDIUM,Y7100010,2015-07-10,197,12862
P00YLUOH49100011,LUB102,Brand1,Model3,MEDIUM,G5100011,1996-11-14,174,12624
J64CJUAH11100012,LUB102,Brand1,Model3,LARGE,A7100012,2019-03-25,176,17710
Z68XOHNQ73100013,LUB102,Brand1,Model2,BIG,R2100013,1999-09-07,153,19005
P97NLTMM98100014,LUB102,Brand3,Model2,LARGE,C4100014,1997-03-19,194,14804
P96GPJLG02100015,LUB102,Brand3,Model2,MEDIUM,Y3100015,2009-12-21,176,17171
W79MXCIU10100016,LUB102,Brand2,Model3,BIG,Z4100016,2018-08-19,103,16871
T20LNHGE12100017,LUB102,Brand2,Model4,LARGE,O8100017,1993-01-04,178,15384
U90FTFTH78100018,LUB102,Brand2,Model1,SMALL,Y9100018,2009-06-04,186,19796
U09YTCTL80100019,LUB102,Brand4,Model4,BIG,P4100019,2008-08-09,115,15765
K78UVKXV01100020,MAZ103,Brand3,Model2,SMALL,C2100020,2001-06-14,127,10374
C62FHMYP72100021,MAZ103,Brand1,Model2,BIG,D8100021,2004-11-23,125,14786
C39OHFFS77100022,MAZ103,Brand4,Model4,BIG,N7100022,1998-08-23,166,10135
Z63MXNHG46100023,MAZ103,Brand4,Model3,BIG,M7100023,2001-09-20,183,13233
N40KESHQ48100024,MAZ103,Brand3,Model4,MEDIUM,X4100024,1992-05-04,140,14580
F40GVTBA92100025,MAZ103,Brand2,Model3,SMALL,F7100025,2008-04-25,190,13514
P09GQEHP23100026,OPO104,Brand4,Model3,BIG,J8100026,2018-04-18,131,13541
K14LSWVM89100027,OPO104,Brand3,Model4,LARGE,N3100027,2007-03-12,110,10208
W23YHBJH63100028,OPO104,Brand4,Model4,LARGE,X9100028,2016-03-23,127,10073
S06HYVBM45100029,OPO104,Brand1,Model3,LARGE,T6100029,2020-12-05,155,15278
M63KZPDF79100030,OPO104,Brand4,Model4,LARGE,D8100030,2006-07-31,170,15087
G53SKGFF34100031,OPO104,Brand2,Model2,MEDIUM,F0100031,2002-09-06,117,12619
U69UDCUA23100032,OPO104,Brand1,Model3,MEDIUM,F4100032,2006-04-08,176,11515
Z54TXRRY93100033,OPO104,Brand1,Model4,MEDIUM,E6100033,1993-02-14,137,19965
X83NOJQB99100034,OPO104,Brand3,Model4,LARGE,A6100034,1991-06-09,184,13267
G03GDZUR29100035,OPO104,Brand4,Model1,SMALL,K8100035,2016-11-01,109,17778
W47ZWAWB63100036,DSK105,Brand1,Model1,SMALL,L3100036,2002-03-09,134,14435
R41RFXHL62100037,DSK105,Brand1,Model4,BIG,G9100037,2005-10-02,106,12162
O65KIJMD95100038,DSK105,Brand4,Model3,SMALL,W7100038,2014-02-27,160,18077
Q08ABZZD08100039,DSK105,Brand2,Model2,MEDIUM,D4100039,1994-05-27,126,11045
S01BCGOU55100040,DSK105,Brand3,Model4,LARGE,W5100040,2015-06-17,107,15854
U53RTOLS02100041,DSK105,Brand3,Model3,SMALL,H8100041,1994-06-09,108,12576
W40ZKWKD31100042,DSK105,Brand1,Model1,BIG,L0100042,2012-05-12,177,15007
Q64JKHEP38100043,DSK105,Brand3,Model4,MEDIUM,R7100043,2012-02-24,173,16398
F12AMWAD19100044,DSK105,Brand3,Model3,MEDIUM,K1100044,2019-01-21,109,13371
H46RVDVQ05100045,DSK105,Brand1,Model1,MEDIUM,W4100045,1993-05-28,151,15323
V01HXHWQ58100046,DSK105,Brand1,Model1,SMALL,J3100046,1994-06-11,107,11528
H58BBJPN40100047,LUK106,Brand3,Model2,BIG,T0100047,1999-10-20,103,16387
R64QYALT46100048,LUK106,Brand1,Model1,SMALL,V6100048,2007-09-18,159,15232
Q72EKYJF18100049,LUK106,Brand4,Model2,SMALL,X2100049,2018-05-26,167,11511
M78AMWCY59100050,LUK106,Brand3,Model2,MEDIUM,O8100050,2007-05-24,133,19537
H09ZMAVE71100051,LUK106,Brand2,Model3,LARGE,Q8100051,2003-11-25,142,13176
B04TQNMD30100052,LUK106,Brand1,Model1,MEDIUM,U5100052,1994-05-25,123,19877
G81SDXDC55100053,LUK106,Brand2,Model3,MEDIUM,W1100053,2002-06-28,161,19783
K75LDVLP37100054,LUK106,Brand1,Model3,BIG,X8100054,2006-05-12,178,12303
Q56AHUXH03100055,LUK106,Brand4,Model3,LARGE,W8100055,2018-11-13,145,10342
I46IALCK41100056,LUK106,Brand3,Model4,MEDIUM,M5100056,2001-02-13,128,17492
T42TSFSM48100057,LUK106,Brand4,Model3,BIG,Q5100057,2005-10-06,119,11834
Z92NURYX90100058,LUK106,Brand4,Model3,MEDIUM,O0100058,1991-03-13,138,13335
I28ABJTY53100059,LUK106,Brand3,Model1,MEDIUM,H6100059,1998-12-29,196,14511
I63MVXOS69100060,LUK106,Brand2,Model4,MEDIUM,V7100060,2017-01-29,157,10615
J81JQDJO37100061,LUK106,Brand1,Model4,MEDIUM,H1100061,1990-12-17,144,17635
B47RANCW59100062,LUK106,Brand4,Model4,SMALL,J6100062,2010-01-09,200,11021
S09KMEJQ61100063,LUK106,Brand4,Model1,BIG,D2100063,2004-05-06,166,16349
A55BSASO19100064,LUK106,Brand4,Model2,LARGE,F8100064,2004-03-29,100,18985
H02IEDIW32100065,LUK106,Brand1,Model4,MEDIUM,S2100065,2000-09-18,130,15747
I16HHCLO71100066,LUK106,Brand2,Model3,LARGE,H4100066,2009-09-25,185,13757
R69UGOUT68100067,DSK107,Brand2,Model3,BIG,C6100067,2004-05-12,177,17236
D61CYCSQ15100068,DSK107,Brand1,Model1,SMALL,F8100068,1999-01-01,171,17945
G80FLGIU07100069,DSK107,Brand2,Model1,SMALL,R7100069,1997-09-22,117,12095
M31BFXXS04100070,DSK107,Brand3,Model4,SMALL,T7100070,1998-06-18,121,10968
E45EKPFR79100071,DSK107,Brand4,Model2,MEDIUM,T8100071,2003-05-07,155,17626
Z46CFFND05100072,MAL108,Brand4,Model3,SMALL,P5100072,1998-04-08,139,17586
N54IXVPT46100073,MAL108,Brand3,Model1,SMALL,B3100073,2010-04-30,185,19172
V50YFSOI63100074,MAL108,Brand2,Model3,BIG,H5100074,2000-04-05,122,15709
X90TUUNH44100075,MAL108,Brand2,Model2,BIG,V5100075,2009-05-09,131,12527
L75GIYWT72100076,MAL108,Brand2,Model1,BIG,C9100076,1995-07-04,197,16261
S63OWMZP01100077,MAL108,Brand2,Model3,LARGE,M5100077,2003-10-28,176,16457
H99UFTQE33100078,MAL108,Brand2,Model2,BIG,X9100078,1996-05-31,187,15156
E09WMPZO46100079,MAL108,Brand3,Model4,BIG,I5100079,2011-07-16,169,12127
T21PGNQP29100080,MAL108,Brand4,Model2,BIG,E1100080,2007-12-22,108,14563
N53TEBDM49100081,LOD109,Brand4,Model4,MEDIUM,R0100081,1995-02-06,104,17628
S04GEDMH11100082,LOD109,Brand4,Model1,LARGE,O0100082,2015-06-23,101,12821
G41WGPGO55100083,LOD109,Brand4,Model1,MEDIUM,M7100083,1998-12-08,125,11226
O52HEKME32100084,LOD109,Brand2,Model4,MEDIUM,U2100084,1992-08-06,193,17994
C39PFXMG20100085,LOD109,Brand2,Model1,MEDIUM,A1100085,1993-10-18,188,17582
D70SJLWM14100086,LOD109,Brand2,Model2,SMALL,W1100086,2010-07-21,183,14382
S85JZFNR30100087,LOD109,Brand3,Model3,BIG,Z6100087,1997-10-07,123,14143
S94XAJOQ84100088,LOD109,Brand2,Model4,LARGE,H4100088,2008-11-08,185,13235
A62DOSAQ79100089,LOD109,Brand1,Model4,LARGE,H0100089,1997-01-13,109,17131
O12RWYMJ79100090,LOD109,Brand2,Model4,BIG,L6100090,2004-07-16,191,15489
C26QLVPE52100091,LOD109,Brand3,Model4,SMALL,L3100091,2010-05-10,130,17519
T79GPUWA14100092,LOD109,Brand2,Model2,LARGE,Q3100092,1998-12-27,198,15631
F41LTCEL32100093,LOD109,Brand3,Model2,BIG,H7100093,1992-11-28,124,13405
Y83CIYBX38100094,LOD109,Brand4,Model4,BIG,G6100094,2002-10-11,194,11442
Q88TMVAE77100095,LOD109,Brand2,Model2,BIG,Z3100095,2003-05-08,146,13461
A96NZEJH92100096,KPM110,Brand4,Model3,SMALL,N1100096,2018-09-18,192,10702
F76PLOTY31100097,KPM110,Brand1,Model3,MEDIUM,G7100097,1993-08-06,106,17265
P91SVVFZ79100098,KPM110,Brand4,Model2,LARGE,X7100098,2000-12-10,130,16077
P89MXVYR41100099,KPM110,Brand3,Model1,BIG,Z6100099,2002-09-25,102,14041
X00OWSFH09100100,KPM110,Brand4,Model3,SMALL,W4100100,1991-11-18,132,15323
Y00BTYXZ35100101,KPM110,Brand1,Model2,LARGE,P5100101,1992-09-04,181,15098
Y42BCWEG74100102,KPM110,Brand2,Model1,MEDIUM,H3100102,2019-09-20,132,18170
T30MLLDE08100103,KPM110,Brand3,Model3,BIG,A9100103,1997-05-10,132,16952
M51TNMDR66100104,KPM110,Brand3,Model3,SMALL,O4100104,2011-05-16,189,15805
T62ZPRLL94100105,KPM110,Brand2,Model4,MEDIUM,X1100105,1994-03-10,189,17273
S43IGQJK53100106,KPM110,Brand3,Model2,LARGE,R1100106,1997-01-17,151,14874
F30DOGND84100107,KPM110,Brand3,Model4,LARGE,D6100107,1994-04-10,192,15811
M95WWXMD95100108,KPM110,Brand3,Model2,LARGE,K2100108,2003-10-29,162,14542
E70WZFBA38100109,KPM110,Brand1,Model4,LARGE,M7100109,1991-12-31,148,13771
T59WNAFD03100110,KPM110,Brand3,Model4,LARGE,N3100110,1993-08-01,134,12066
K86UYBZX03100111,LUB111,Brand3,Model1,MEDIUM,O9100111,2012-03-26,125,19631
F76SXEIX33100112,LUB111,Brand3,Model3,LARGE,O7100112,2003-09-05,109,18546
K82UWIHH69100113,LUB111,Brand4,Model1,BIG,R8100113,1999-06-04,106,19817
E78IWCJE00100114,LUB111,Brand2,Model4,LARGE,S4100114,2018-11-28,141,14505
B12MQYGS01100115,LUB111,Brand4,Model1,MEDIUM,L9100115,1992-06-16,156,14130
Q44DTUYN57100116,LUB111,Brand2,Model4,MEDIUM,L2100116,2017-01-05,104,18904
M77OLGLW55100117,LUB111,Brand1,Model1,MEDIUM,T4100117,2016-12-06,188,11414
I07RFSRG73100118,LUB111,Brand3,Model2,BIG,F7100118,2013-12-31,139,16538
R98BWMXE29100119,LUB111,Brand4,Model2,SMALL,G3100119,2002-03-31,109,16951
X18NOZKD12100120,LUB111,Brand1,Model1,MEDIUM,K4100120,2008-01-19,120,18628
Y18XKFWR14100121,LUB111,Brand4,Model4,LARGE,Y2100121,2019-12-01,184,12653
J48CIHLR97100122,LUB111,Brand4,Model2,SMALL,O0100122,2018-12-10,144,14376
G06KVORR62100123,LUB111,Brand2,Model1,MEDIUM,O5100123,2019-04-23,170,11601
J68IZHRC13100124,LUB111,Brand4,Model4,LARGE,A5100124,2001-03-05,168,18150
I57TQECY36100125,LUB111,Brand4,Model3,LARGE,X6100125,2008-01-07,181,18575
R22TTGAB83100126,LUB111,Brand4,Model3,MEDIUM,E3100126,2003-11-28,121,10569
D49SFEER85100127,LUB111,Brand1,Model3,BIG,U9100127,2019-06-05,166,13118
B11MTRGJ94100128,LUB111,Brand3,Model1,MEDIUM,N7100128,1992-09-24,128,16062
K29RDCXD70100129,LOD112,Brand4,Model3,SMALL,Q5100129,1996-01-31,105,10159
B15IFVHP09100130,LOD112,Brand2,Model2,BIG,Q8100130,2015-11-22,115,11219
I81FCGHE48100131,LOD112,Brand3,Model3,BIG,C8100131,1997-08-12,151,18622
V78NNQBE25100132,LOD112,Brand4,Model2,BIG,O5100132,2010-09-26,198,14298
W17MFYCP10100133,LOD112,Brand2,Model2,MEDIUM,X4100133,2018-07-06,170,12288
H24NQGYE22100134,LOD112,Brand1,Model2,SMALL,E1100134,1990-02-17,164,16347
R77WYTZD15100135,LOD112,Brand2,Model4,BIG,W9100135,2015-02-09,193,19342
H16JRQVA04100136,LOD112,Brand2,Model4,SMALL,M0100136,2017-07-15,118,19299
B95AXZGC74100137,LOD112,Brand3,Model1,SMALL,F6100137,2002-02-15,113,15618
H37HKLSP03100138,LOD112,Brand1,Model4,LARGE,W3100138,2013-03-16,168,17916
I39UUGGX74100139,LOD112,Brand1,Model1,BIG,D3100139,2018-12-07,197,19767
P38ULNRU18100140,LOD112,Brand4,Model1,LARGE,M8100140,2018-03-23,112,18045
L08CUBJC22100141,LOD112,Brand4,Model1,SMALL,Q5100141,2014-10-19,132,13992
W06TRCJO93100142,LOD112,Brand4,Model1,BIG,F3100142,1992-09-03,168,13034
U60EFRYF68100143,LOD112,Brand1,Model3,BIG,N2100143,2008-09-25,155,12740
X57DMOQU71100144,LOD112,Brand4,Model3,MEDIUM,H3100144,2007-09-09,152,19035
Z67ZMPIW94100145,LOD112,Brand1,Model3,MEDIUM,W2100145,1995-05-03,140,16239
F47JEVAZ57100146,LOD112,Brand4,Model3,LARGE,U6100146,2011-03-09,164,18317
P11TFNSD95100147,LOD112,Brand1,Model3,LARGE,M5100147,2019-02-16,158,18565
X66IBVCY73100148,LOD112,Brand1,Model1,MEDIUM,I4100148,2001-09-05,129,17974
X39ZPEVY68100149,LOD112,Brand1,Model4,MEDIUM,O2100149,1991-05-15,134,19189
B82QISIV05100150,KPM113,Brand2,Model4,LARGE,N7100150,1998-06-10,141,19767
B83CLGDY27100151,KPM113,Brand3,Model3,SMALL,L6100151,2005-11-06,183,18178
P69IKKQN26100152,KPM113,Brand2,Model3,BIG,W0100152,2004-05-11,154,19321
P73HPURY19100153,KPM113,Brand1,Model3,BIG,B1100153,2001-07-24,111,15338
D37NFWMI60100154,KPM113,Brand2,Model2,MEDIUM,B4100154,2009-01-22,138,12748
N85BZGZI27100155,KPM113,Brand2,Model1,LARGE,D0100155,2017-05-03,101,16259
Y45TFCUG72100156,KPM113,Brand3,Model1,MEDIUM,Y6100156,1995-05-26,196,14581
K57PYMCL01100157,KPM113,Brand2,Model4,SMALL,S3100157,2011-09-15,110,19592
C85OWPYT80100158,KPM113,Brand3,Model2,SMALL,P9100158,2005-05-11,103,17880
V21PIJFH90100159,KPM113,Brand1,Model1,LARGE,L3100159,2003-11-13,128,11481
Z30TKJFW99100160,KPM113,Brand1,Model4,BIG,A7100160,1997-12-01,189,17064
M02YRNNV68100161,KPM113,Brand4,Model4,LARGE,V8100161,2002-12-15,105,18922
R24CSWWX68100162,KPM113,Brand2,Model4,LARGE,X1100162,2006-03-06,132,16449
R16BRBLV55100163,KPM113,Brand4,Model1,BIG,Y5100163,2004-07-02,197,15321
L67VEJAC31100164,KPM113,Brand2,Model1,SMALL,F0100164,1997-12-25,155,13775
Y92EILKZ88100165,KPM113,Brand4,Model1,MEDIUM,C6100165,2014-12-29,124,18490
O01MAWSW51100166,KPM113,Brand2,Model2,SMALL,U1100166,2008-12-04,161,14406
V95TTJFV48100167,KPM113,Brand2,Model2,BIG,S5100167,1996-11-23,138,11027
M69HESDF61100168,KPM113,Brand1,Model3,LARGE,N5100168,1997-02-02,108,18555
N40EPCBR37100169,KPM113,Brand1,Model4,MEDIUM,A2100169,2011-09-13,104,12430
D58LWUPL04100170,LOD114,Brand4,Model2,BIG,F6100170,2001-07-02,172,13752
H51VTVBB09100171,LOD114,Brand4,Model4,SMALL,T0100171,1998-10-25,165,16203
S42HJWZW00100172,LOD114,Brand3,Model2,SMALL,Z0100172,2008-11-01,160,14487
G43QDQRP13100173,LOD114,Brand2,Model4,BIG,F1100173,2020-04-29,180,14934
P45GYXRG18100174,LOD114,Brand2,Model3,SMALL,M6100174,1998-11-15,151,18977
P90CYOYT73100175,LOD114,Brand2,Model1,BIG,H4100175,1997-06-04,195,12337
G85CYGPS20100176,LOD114,Brand1,Model2,BIG,U3100176,2017-05-03,142,10601
P32SVOHX21100177,LOD114,Brand2,Model1,SMALL,K5100177,1997-06-27,175,13155
U60WCMGN11100178,LOD114,Brand2,Model1,LARGE,P4100178,1995-10-09,142,15831
D29IBCJI07100179,LOD114,Brand4,Model1,SMALL,B2100179,2015-07-17,101,12162
V09ELQBY89100180,MAZ115,Brand4,Model4,MEDIUM,X2100180,2006-01-27,137,16429
V42YVUEO18100181,MAZ115,Brand3,Model1,SMALL,M7100181,2004-02-20,119,11078
Y55UMRLT63100182,MAZ115,Brand4,Model2,MEDIUM,P1100182,2017-11-29,103,11003
N80SUBTV34100183,MAZ115,Brand3,Model1,LARGE,Y4100183,2020-11-11,198,10540
N45NTHAJ38100184,MAZ115,Brand3,Model4,BIG,V9100184,1997-06-13,162,15583
R03WLTJF07100185,MAZ115,Brand4,Model1,SMALL,S7100185,2006-04-05,113,12304
M16BVQKE29100186,MAZ115,Brand2,Model3,MEDIUM,T7100186,2007-11-07,101,16294
N90WHWIX12100187,MAZ115,Brand3,Model3,MEDIUM,D9100187,1994-07-24,122,12543
M63BDSJK76100188,MAZ115,Brand1,Model4,LARGE,O2100188,2009-01-02,184,11456
Z51ONGCJ88100189,MAZ115,Brand4,Model3,BIG,I1100189,1999-05-22,106,19502
L49YLHNP05100190,KPM116,Brand2,Model3,SMALL,L8100190,2007-04-22,147,10415
Y86JOVBK42100191,KPM116,Brand1,Model4,BIG,V9100191,2019-01-19,145,10021
B56MPNUZ89100192,KPM116,Brand3,Model2,BIG,X2100192,2011-06-19,104,11156
P52WGXUM20100193,KPM116,Brand1,Model3,BIG,G7100193,2016-08-18,169,10076
B71GSPFX63100194,KPM116,Brand2,Model4,LARGE,M4100194,2006-06-01,182,12778
X60WFOMQ34100195,KPM116,Brand2,Model2,LARGE,X8100195,2017-05-17,194,11632
L56FRXHY54100196,KPM116,Brand4,Model3,LARGE,D5100196,2003-03-31,194,10410
T02RPWZS59100197,KPM116,Brand4,Model4,MEDIUM,S0100197,2019-05-07,150,17396
L13EORAM97100198,KPM116,Brand3,Model4,LARGE,K3100198,1997-09-19,166,14081
G80JPTHG68100199,KPM116,Brand1,Model4,LARGE,J1100199,1995-10-31,115,18325
R88OGGHJ42100200,KPM116,Brand4,Model1,MEDIUM,A4100200,2011-03-18,151,13812
O92FSVTQ85100201,KPM116,Brand3,Model3,SMALL,M1100201,1996-08-17,170,11811
P76VNOJD53100202,KPM116,Brand1,Model4,SMALL,L4100202,2016-08-14,128,11957
J65KOTSH81100203,KPM116,Brand3,Model2,BIG,A8100203,2013-01-08,200,12359
Q39PQNZD52100204,KPM116,Brand4,Model1,MEDIUM,H3100204,2011-02-23,190,11750
W51AZZXU72100205,KPM116,Brand2,Model2,LARGE,Q9100205,2005-02-07,183,12734
J01EFJGU67100206,KPM116,Brand4,Model1,LARGE,W2100206,2019-02-01,176,18897
Z64HIDLN26100207,KPM116,Brand1,Model2,BIG,B5100207,2010-12-21,151,11486
I11DRALH35100208,KPM116,Brand1,Model2,MEDIUM,K9100208,2019-08-04,121,12445
Q99GOTQK99100209,KPM116,Brand3,Model4,SMALL,N3100209,2009-10-21,104,13171
I50RCPCZ19100210,KPM116,Brand3,Model2,SMALL,V6100210,1993-08-26,140,12198
J80MJQNU73100211,MAL117,Brand4,Model2,LARGE,K1100211,2001-10-03,113,13128
W87ADFPW31100212,MAL117,Brand2,Model2,LARGE,R3100212,2018-10-10,187,11026
S96KJGCN13100213,MAL117,Brand1,Model2,SMALL,T1100213,1990-11-06,156,19933
V53IVERC47100214,MAL118,Brand3,Model3,LARGE,C5100214,2008-04-28,112,16666
X84TXPGV11100215,MAL118,Brand1,Model4,LARGE,K2100215,1990-02-19,168,18943
H81EWQDB24100216,MAL118,Brand2,Model4,LARGE,W8100216,1995-07-17,129,16193
P74KHHHM23100217,MAL118,Brand4,Model4,SMALL,A8100217,2013-09-16,157,17757
Q03WQKZE71100218,MAL118,Brand2,Model4,MEDIUM,W2100218,2001-12-13,158,14423
R71KGWYG94100219,MAL118,Brand2,Model3,MEDIUM,W5100219,1992-12-11,108,19875
D21VJDIL29100220,MAL118,Brand3,Model4,LARGE,X6100220,2011-02-25,119,12910
K45PNWTO36100221,MAL118,Brand3,Model4,SMALL,D7100221,2016-02-14,196,11981
L14HVVTY76100222,MAL118,Brand2,Model4,LARGE,Z5100222,2007-12-16,103,18967
Q33WOTUI79100223,MAL118,Brand3,Model2,SMALL,F5100223,2014-12-11,162,12530
E44WKSBS21100224,MAL118,Brand2,Model1,SMALL,T5100224,2002-10-27,161,17025
O17ANURD46100225,MAL118,Brand1,Model2,LARGE,Z6100225,2016-02-14,198,15290
V75DFWDI29100226,LUK119,Brand3,Model2,BIG,C7100226,2017-07-27,180,10303
V57OKPCY72100227,LUK119,Brand4,Model2,LARGE,R3100227,2018-11-08,199,15869
N67GCCNF38100228,LUK119,Brand4,Model4,LARGE,N3100228,1991-07-20,163,18672
I37JWVHJ08100229,LUK119,Brand4,Model3,MEDIUM,N8100229,2000-12-31,116,18441
C83LAQTF77100230,LUK119,Brand3,Model2,SMALL,N6100230,2010-09-26,186,16351
K05WBIIG26100231,LUK119,Brand4,Model2,SMALL,A9100231,2004-03-22,160,19770
U06RRPAV05100232,LUK119,Brand4,Model2,MEDIUM,Q1100232,2007-07-13,165,18172
Z24DAOUQ41100233,LUK119,Brand1,Model4,LARGE,G3100233,1997-07-15,195,10512
K51SSORY98100234,LUK119,Brand1,Model2,SMALL,F5100234,2001-01-28,173,11538
M35YEUJP90100235,LUK119,Brand2,Model4,LARGE,D3100235,2005-03-14,104,18060
E61UOQJO60100236,LUK119,Brand3,Model2,MEDIUM,C2100236,1996-12-06,140,14023
R81XOLHR93100237,LUK119,Brand1,Model3,LARGE,O7100237,1996-11-14,193,18572
X20VBLLU91100238,LUK119,Brand2,Model4,BIG,P5100238,2005-08-02,150,11110
L82XHCMR67100239,LUK119,Brand2,Model3,LARGE,N4100239,1992-08-27,110,12369
M31WKBJQ21100240,LUK119,Brand1,Model4,SMALL,Z8100240,2010-02-13,141,19148
D15ZJHVQ80100241,LUK119,Brand1,Model3,MEDIUM,X2100241,2015-06-27,195,16004
Y22DALYX09100242,LUK119,Brand1,Model1,BIG,M4100242,2007-11-02,150,15423
Y16MBRWO06100243,LUK119,Brand1,Model3,SMALL,O4100243,2014-04-29,112,11460
G69UAPRE20100244,LUK119,Brand3,Model4,MEDIUM,E1100244,2004-11-28,152,17861
I09GPLLZ74100245,LUK119,Brand4,Model2,MEDIUM,F5100245,2020-11-14,166,18286
F95JVETT21100246,LUK119,Brand4,Model4,BIG,H1100246,2016-08-07,121,11728
G36UOBPO95100247,LOD120,Brand2,Model2,SMALL,R4100247,1991-08-14,196,17902
Z00EHXLB54100248,LOD120,Brand4,Model1,BIG,S1100248,2001-11-05,159,19606
A95OPKWB70100249,LOD120,Brand2,Model2,SMALL,T6100249,1996-05-02,187,16078
P60BWPAN14100250,LOD120,Brand4,Model2,LARGE,J5100250,1990-10-04,102,13926
H63RNISH45100251,LOD120,Brand3,Model4,MEDIUM,L8100251,1998-09-07,106,11904
G92OACAV27100252,LOD120,Brand1,Model4,MEDIUM,I0100252,2019-02-15,110,17622
K30BBFIP69100253,LOD120,Brand1,Model2,SMALL,T0100253,1998-10-30,147,18646
W30RGXKG79100254,KPM121,Brand1,Model1,BIG,K2100254,2005-10-20,170,15532
I41TKZBA96100255,KPM121,Brand2,Model3,MEDIUM,S9100255,1998-03-06,169,16769
X62LWHBP45100256,KPM121,Brand1,Model3,MEDIUM,B6100256,2000-05-20,122,11403
W45VPMKC28100257,KPM121,Brand1,Model3,SMALL,A9100257,2009-02-21,143,15999
S94YEANB17100258,KPM121,Brand1,Model2,LARGE,L2100258,2014-04-06,108,14942
J84EXQSY06100259,KPM121,Brand2,Model1,BIG,O7100259,2017-01-09,116,16057
L16UBVON34100260,KPM121,Brand3,Model2,LARGE,D7100260,1990-02-09,177,16249
V93NPPBJ88100261,KPM121,Brand4,Model2,BIG,J7100261,1998-10-07,198,10159
H03DFSSL97100262,KPM121,Brand2,Model2,MEDIUM,K6100262,1994-06-17,135,11975
V51CSXBR51100263,KPM121,Brand2,Model1,BIG,X1100263,1993-11-26,103,13199
H97VBFJL76100264,KPM121,Brand3,Model4,MEDIUM,P2100264,1999-11-04,105,13431
N72TEYRR65100265,KPM121,Brand1,Model2,LARGE,G8100265,2001-10-25,149,19804
W87JGWTD37100266,KPM121,Brand1,Model3,MEDIUM,D4100266,2004-10-11,107,13614
C76ITJSH34100267,KPM121,Brand1,Model4,BIG,Y0100267,2017-10-14,166,10749
L45ELRHP13100268,KPM121,Brand1,Model1,SMALL,W0100268,2016-12-21,146,12171
P45IJZRW52100269,KPM121,Brand3,Model3,SMALL,W5100269,2005-04-01,192,13321
Y90BGXXJ18100270,KPM121,Brand1,Model3,LARGE,S3100270,2018-05-03,128,16941
M39VKMYC08100271,KPM121,Brand4,Model4,LARGE,W7100271,2000-01-25,163,13981
N32DUBGC77100272,KPM121,Brand3,Model2,LARGE,F1100272,2016-03-24,120,15290
Z14VJMVI54100273,LOD122,Brand4,Model1,SMALL,R2100273,2007-12-24,176,10341
M85IXBXM05100274,LOD122,Brand2,Model3,SMALL,S9100274,2015-08-17,158,16708
M28OVRSF03100275,LOD122,Brand4,Model4,SMALL,H6100275,1997-03-12,145,11707
W30PZLAK59100276,LOD122,Brand2,Model2,MEDIUM,W6100276,2002-11-29,124,16423
A31VVKBC24100277,LOD122,Brand3,Model3,LARGE,I3100277,1991-10-15,150,19717
P88GWNYQ75100278,LOD122,Brand1,Model2,MEDIUM,L2100278,2007-07-20,197,10705
L86GJNYQ08100279,LOD122,Brand4,Model2,LARGE,T4100279,2004-07-19,194,13737
K92BBJIX55100280,LOD122,Brand2,Model4,BIG,O5100280,1992-12-03,180,19731
Q40WGSLN49100281,LOD122,Brand3,Model4,SMALL,W2100281,2011-11-28,147,15056
I36RDLSV57100282,LOD122,Brand2,Model3,SMALL,U5100282,1996-12-26,189,15260
M64NVEOE10100283,LOD122,Brand2,Model2,LARGE,A4100283,1995-09-04,100,12720
K19TWUFL48100284,LOD122,Brand2,Model3,LARGE,K8100284,2015-07-01,130,19749
Y30RTPEM95100285,LOD122,Brand1,Model3,LARGE,N1100285,2016-11-03,193,17270
V64NRMDA20100286,LOD122,Brand2,Model1,LARGE,O0100286,2012-05-03,122,13472
N75CZBAW26100287,LOD122,Brand2,Model2,BIG,U4100287,2018-12-18,194,16156
H10TICGL52100288,LOD122,Brand4,Model4,LARGE,P9100288,2009-11-10,171,11891
I14BTZBN52100289,LOD122,Brand2,Model4,BIG,Q3100289,2007-07-09,114,15892
D94TQPSG98100290,DSK123,Brand1,Model4,BIG,Z6100290,2009-08-01,196,12615
F11PMMSF52100291,DSK123,Brand3,Model3,SMALL,S6100291,2003-07-28,191,18462
B44WIHKL77100292,DSK123,Brand2,Model4,BIG,T5100292,1998-12-20,189,12271
L85IMLWI47100293,DSK124,Brand3,Model1,LARGE,R2100293,1997-12-22,178,17387
B85RHFAV65100294,DSK124,Brand4,Model3,BIG,F6100294,1995-11-13,175,18827
D81DFFSX41100295,DSK124,Brand2,Model4,LARGE,N0100295,2018-11-10,195,17603
D61QVMLM00100296,DSK124,Brand2,Model2,LARGE,P3100296,2002-06-13,171,16204
Q90XWXOX13100297,DSK124,Brand2,Model2,BIG,E4100297,2017-02-08,158,13580
D42LCPZN76100298,DSK124,Brand2,Model3,SMALL,V4100298,2018-01-31,162,17947
R52MUUZB94100299,DSK124,Brand4,Model2,BIG,D6100299,1991-07-01,161,17186
Q56TKQUF18100300,DSK124,Brand1,Model2,LARGE,O4100300,2010-06-21,185,14417
L69JGNEL66100301,DSK124,Brand2,Model3,MEDIUM,J4100301,2006-02-07,112,10281
X43FUMMD39100302,DSK124,Brand3,Model4,LARGE,X8100302,1991-12-06,148,12920
U90ZSMRJ95100303,DSK124,Brand3,Model3,MEDIUM,P0100303,2004-09-08,135,17932
G16QYFSH63100304,DSK124,Brand2,Model4,BIG,L0100304,2014-12-09,111,13202
G87AWIVM65100305,DSK124,Brand3,Model2,BIG,Q9100305,2007-05-28,143,10480
G38PXWTE18100306,DSK124,Brand1,Model3,BIG,Z5100306,2017-02-27,128,10660
F54VVGHS03100307,DSK124,Brand3,Model1,MEDIUM,R6100307,2014-12-01,107,17251
M90JVJRH97100308,KPM125,Brand2,Model4,BIG,S9100308,2014-06-16,106,19678
V70BVADB45100309,KPM125,Brand3,Model2,SMALL,P3100309,2018-12-22,167,16564
F37NWVUF68100310,KPM125,Brand4,Model2,SMALL,C0100310,1990-11-06,193,11915
D16JALQR34100311,KPM125,Brand3,Model3,MEDIUM,M8100311,2020-04-26,195,19917
T77GBCKE37100312,KPM125,Brand4,Model4,MEDIUM,X1100312,2006-10-19,187,10667
K51YHLTE84100313,KPM125,Brand1,Model3,LARGE,B2100313,2012-08-31,112,11119
N48ZLEIT37100314,KPM125,Brand1,Model3,MEDIUM,Z0100314,1993-05-18,192,14387
Y19PPMOX52100315,KPM125,Brand2,Model3,BIG,U0100315,2020-07-16,119,11316
I70PZFIN54100316,KPM125,Brand2,Model1,MEDIUM,B4100316,1999-01-03,102,10788
F81ZZWQR09100317,OPO126,Brand1,Model4,MEDIUM,J7100317,2001-08-19,162,15504
P57VUXMV98100318,OPO126,Brand1,Model2,LARGE,R6100318,2007-02-20,106,18134
T44ODXWW34100319,OPO126,Brand1,Model2,BIG,H6100319,2015-10-06,182,16516
Q59BLGJC96100320,OPO126,Brand4,Model2,BIG,U5100320,2010-06-22,118,10009
I45YDXSU94100321,OPO126,Brand1,Model3,SMALL,U5100321,2017-04-12,144,11900
S74LUADF82100322,OPO126,Brand3,Model1,SMALL,N0100322,2020-09-20,146,16064
P89OXJQG54100323,OPO126,Brand1,Model4,MEDIUM,D2100323,1990-07-25,116,16280
N79EAULR66100324,OPO126,Brand3,Model1,LARGE,W0100324,2014-09-10,117,14311
H20BIZDR52100325,KPM127,Brand1,Model2,BIG,D8100325,1994-08-03,160,17751
C47VMZKH39100326,KPM127,Brand1,Model2,BIG,O2100326,1995-06-04,158,12390
C97PNWIN99100327,KPM127,Brand4,Model2,SMALL,F3100327,2011-09-18,164,17930
J27DYOOB17100328,KPM127,Brand2,Model2,LARGE,M8100328,1997-01-07,200,13884
X19MOJCA84100329,KPM127,Brand2,Model4,SMALL,Z1100329,1999-08-25,191,17084
V96WQZOZ65100330,KPM127,Brand3,Model2,BIG,O1100330,2018-01-05,185,18887
C71EIHEI57100331,KPM127,Brand1,Model2,MEDIUM,V6100331,2000-05-05,109,12069
A34WUGKN02100332,KPM127,Brand4,Model4,SMALL,W5100332,1995-12-21,126,17243
J07ZMMCL44100333,KPM127,Brand3,Model3,BIG,O2100333,2006-08-02,102,17613
O14LNDXG51100334,KPM127,Brand3,Model4,BIG,O8100334,2011-02-23,156,15238
Q76CNOWY90100335,KPM127,Brand2,Model2,BIG,H9100335,1993-01-20,198,16487
F93YCZZN05100336,KPM127,Brand2,Model3,MEDIUM,P9100336,2003-03-17,173,18262
P94SRUCK49100337,KPM127,Brand1,Model3,SMALL,L3100337,2020-11-07,167,14490
C58EZPIC01100338,KPM127,Brand3,Model4,BIG,N9100338,2004-03-17,142,19979
Q09FJSWC30100339,KPM127,Brand3,Model4,MEDIUM,L3100339,2018-08-24,197,13804
Q49WUFNI05100340,KPM127,Brand3,Model2,MEDIUM,R5100340,2018-05-03,137,14066
L43JSTJO73100341,KPM127,Brand4,Model2,LARGE,D7100341,1992-08-30,141,10055
I88YFAGZ11100342,MAL128,Brand4,Model3,MEDIUM,L3100342,2018-08-22,104,15024
X63SWTXT91100343,MAL128,Brand2,Model1,SMALL,Y5100343,1997-02-07,193,17758
A38GTNNH31100344,MAL128,Brand4,Model2,LARGE,X4100344,1996-11-11,114,16150
P25WVGKJ64100345,MAL128,Brand3,Model1,SMALL,U4100345,2002-04-07,188,11689
U59SUVYT88100346,MAL128,Brand4,Model1,SMALL,M8100346,1996-03-26,185,11459
F09VWGVS62100347,MAL128,Brand3,Model2,LARGE,A9100347,2018-10-21,169,12375
A85RJEXC73100348,MAL128,Brand3,Model3,MEDIUM,X2100348,2018-03-07,147,15889
R77SZWAU47100349,MAL128,Brand4,Model4,BIG,B6100349,2018-08-26,155,17732
P75PJWAJ63100350,MAL128,Brand4,Model2,LARGE,N7100350,1990-04-30,147,18104
N80SAHMU74100351,MAL128,Brand2,Model2,SMALL,I7100351,2015-04-07,129,14144
O24YJZQN81100352,MAL128,Brand1,Model4,MEDIUM,P7100352,2010-08-23,182,18681
L03HBCXN51100353,MAL128,Brand2,Model3,MEDIUM,H5100353,2010-01-24,164,10931
W15CVFFH16100354,MAL128,Brand4,Model2,LARGE,A8100354,2004-11-21,116,11857
U18KWMZA08100355,DSK129,Brand2,Model4,MEDIUM,A4100355,2011-05-08,168,12070
V81VXGIE23100356,DSK129,Brand4,Model3,MEDIUM,Y6100356,2003-02-13,155,13647
E07GXEFV21100357,DSK129,Brand4,Model1,BIG,P9100357,2018-04-11,152,14183
A91QQNQE73100358,DSK129,Brand4,Model3,MEDIUM,X2100358,1992-08-04,150,12633
H90NVHYO58100359,DSK129,Brand1,Model3,MEDIUM,C1100359,2011-01-20,149,10984
U63GYIMQ07100360,DSK129,Brand1,Model1,LARGE,W5100360,2008-01-10,112,19870
V94FMIND12100361,DSK129,Brand4,Model3,BIG,Q2100361,1995-06-26,135,19385
T79ZJWTN74100362,DSK129,Brand2,Model2,MEDIUM,C2100362,1992-07-22,185,12753
O69TIMVF82100363,DSK129,Brand3,Model3,SMALL,B4100363,2000-09-15,147,13149
M88EQBGI94100364,DSK129,Brand1,Model2,LARGE,C5100364,1999-08-04,163,18181
P76KPGFA28100365,DSK129,Brand3,Model3,LARGE,J7100365,2017-08-11,114,17024
B27BGWRH08100366,DSK129,Brand4,Model3,SMALL,S0100366,2020-02-23,114,17174
W80JPSKB58100367,DSK129,Brand3,Model4,BIG,Y1100367,2009-04-01,164,11299
B81BHZAB07100368,DSK129,Brand2,Model2,BIG,S6100368,1990-10-13,194,12546
R52QVVED36100369,DSK129,Brand4,Model3,SMALL,E0100369,1990-06-19,195,11578
B56RXFRR73100370,DSK129,Brand3,Model4,SMALL,G5100370,1995-07-14,173,18626
F79OGXYI57100371,DSK129,Brand3,Model1,MEDIUM,L9100371,1990-10-11,155,17360
E63SSVFU02100372,LUK130,Brand1,Model2,MEDIUM,J3100372,2007-05-17,153,11583
S83ZLSJJ02100373,LUK130,Brand4,Model3,MEDIUM,H4100373,1999-05-20,109,14586
J94EHEII95100374,LUK130,Brand3,Model1,MEDIUM,Z8100374,2016-04-27,101,14864
O88THWHH56100375,LUK130,Brand4,Model2,SMALL,G8100375,1999-09-01,130,13301
K66AFNYB03100376,LUK130,Brand2,Model2,MEDIUM,P7100376,2018-01-01,137,17275
A18KVSEN46100377,LUK130,Brand2,Model4,BIG,I7100377,2007-08-24,156,16602
A60AEZLV49100378,LUK130,Brand1,Model3,LARGE,T6100378,1995-09-01,100,14949
T07YJOID44100379,LUK130,Brand3,Model1,MEDIUM,K1100379,1997-02-16,146,10527
Y29ZGOGG84100380,LUK130,Brand4,Model1,MEDIUM,Y3100380,2013-04-11,190,14296
Z43GQDPF18100381,LUK130,Brand1,Model4,BIG,F4100381,2014-05-08,131,11361
Z34QVLVL35100382,LUK130,Brand1,Model4,BIG,P4100382,2002-09-18,136,13265
U97DPHWA36100383,LUK130,Brand1,Model2,SMALL,F8100383,2003-09-11,108,13022
D89EAOFT20100384,LUK130,Brand2,Model2,LARGE,Y9100384,1990-03-19,187,13413
L36DBRRR31100385,LUK130,Brand4,Model2,BIG,S7100385,1992-04-20,170,13712
L41GHTZQ96100386,LUK130,Brand2,Model4,BIG,E0100386,2001-12-31,173,18063
Y35VMTIH40100387,LUK130,Brand1,Model1,MEDIUM,B6100387,1994-07-12,108,19253
R78MSZSH12100388,LUK130,Brand2,Model4,MEDIUM,O6100388,2014-05-19,109,11777
M81BLYZS15100389,LUK130,Brand1,Model2,BIG,W1100389,1994-09-14,161,18630
N73IEQUJ09100390,LUK130,Brand1,Model4,SMALL,P8100390,2011-03-28,143,11738
T23SSXSE77100391,LUK130,Brand2,Model1,SMALL,D0100391,2001-03-13,176,16002
F73SFQKV21100392,LUK130,Brand2,Model3,MEDIUM,O8100392,1990-05-15,130,14305
H91CCMFR43100393,LUK130,Brand2,Model2,MEDIUM,U0100393,2016-04-14,148,19434
Q68KSXSU65100394,LUK130,Brand2,Model2,MEDIUM,I4100394,2010-07-15,113,14623
W59SHYYO28100395,KPM131,Brand4,Model1,SMALL,T3100395,2007-04-25,113,11577
W42QGKDZ38100396,KPM131,Brand4,Model1,BIG,A9100396,1991-03-04,122,11443
A81PRBFG84100397,KPM131,Brand2,Model2,SMALL,A8100397,1996-04-19,106,10956
U61POUKD88100398,KPM131,Brand4,Model2,SMALL,B3100398,2004-06-18,124,17409
N32XLESC69100399,KPM131,Brand1,Model4,SMALL,S9100399,2013-01-14,188,16416
N03OAKNS42100400,KPM131,Brand4,Model2,MEDIUM,X5100400,1997-06-02,163,10551
K21TZHEP82100401,KPM131,Brand1,Model1,SMALL,T5100401,2003-10-05,149,10308
L83BLSCM56100402,KPM131,Brand2,Model1,BIG,C5100402,2014-07-09,128,14428
H85LPFBM16100403,KPM131,Brand2,Model3,SMALL,W7100403,1991-01-21,163,13055
O68NNXTD24100404,KPM131,Brand3,Model1,BIG,N2100404,2010-05-19,183,17536
I99PUGQG57100405,MAZ132,Brand2,Model1,SMALL,X9100405,1993-09-04,112,16257
H32EPGDN26100406,MAZ132,Brand2,Model2,SMALL,R2100406,2007-11-25,170,13360
L23VHJRX58100407,MAZ132,Brand2,Model4,MEDIUM,A5100407,1995-08-12,186,19594
O60DWYAK46100408,MAZ132,Brand1,Model1,MEDIUM,Y7100408,1990-11-20,124,16937
W78CASYL67100409,MAZ132,Brand2,Model2,SMALL,D7100409,2017-04-03,102,18279
J77NYGKJ89100410,MAZ133,Brand3,Model1,BIG,D0100410,2005-08-28,112,15397
W67YCXNP43100411,MAZ133,Brand3,Model1,MEDIUM,G4100411,1992-08-14,177,10818
K38IYRAX49100412,MAZ133,Brand3,Model2,BIG,S3100412,2011-12-23,185,15232
D18TORQV85100413,MAZ133,Brand3,Model1,SMALL,J8100413,2002-12-04,187,16094
G94QHXPV66100414,MAZ133,Brand4,Model3,MEDIUM,L0100414,2004-10-12,187,15668
C48OHMBP83100415,MAZ133,Brand3,Model2,MEDIUM,F3100415,2003-06-07,135,10220
G92LKPYD85100416,MAZ133,Brand3,Model3,MEDIUM,R3100416,2004-02-13,122,11150
J81EZVKK46100417,MAZ133,Brand3,Model1,MEDIUM,F1100417,2002-04-22,191,13742
Z30UNNPU33100418,MAZ133,Brand2,Model2,LARGE,Z0100418,2011-02-09,195,18785
N74MYZRM53100419,MAZ133,Brand1,Model3,LARGE,V9100419,2011-12-04,180,10815
D06GFVGZ92100420,MAZ133,Brand3,Model1,LARGE,W7100420,1996-06-28,134,12150
R89LIVRD83100421,MAZ133,Brand4,Model2,MEDIUM,T8100421,2012-12-03,142,13879
H97VSTAM05100422,MAZ133,Brand1,Model4,SMALL,R6100422,1998-12-28,155,15680
D03HCWAU00100423,MAZ133,Brand2,Model2,SMALL,M2100423,1992-03-31,147,16363
Y83YUPIW56100424,MAZ133,Brand4,Model4,SMALL,K7100424,1993-08-19,168,10238
J82GOFGB04100425,MAZ133,Brand2,Model4,LARGE,A7100425,1997-09-26,144,14742
X31JSHYI22100426,MAZ133,Brand2,Model4,LARGE,N9100426,1991-05-29,146,19736
V57CZIHM87100427,MAZ133,Brand3,Model1,BIG,J3100427,1998-03-16,135,11178
I46RPTCT17100428,MAZ133,Brand4,Model4,SMALL,X5100428,1999-08-05,114,10840
I51DDQBO09100429,MAZ133,Brand3,Model4,MEDIUM,R3100429,1996-05-21,141,10945
B10GVIND55100430,MAZ133,Brand3,Model4,BIG,N5100430,2017-08-24,197,10589
P62PKGHM43100431,MAZ133,Brand2,Model4,LARGE,K7100431,1991-09-05,116,10614
K56WUYYE69100432,MAZ133,Brand2,Model3,SMALL,S1100432,2013-04-24,177,18467
D88KVCWS05100433,OPO134,Brand4,Model2,BIG,T6100433,2018-11-29,121,18317
Y40BFBOE46100434,OPO134,Brand1,Model3,SMALL,M3100434,2017-08-25,192,17711
Q36AZKQS01100435,OPO134,Brand3,Model3,SMALL,P5100435,2006-05-31,124,16933
Z02ISODF96100436,OPO134,Brand4,Model3,SMALL,J3100436,2016-03-12,138,11265
X07UZUMM76100437,OPO134,Brand1,Model4,MEDIUM,V8100437,1991-06-21,134,18554
U42IXECD14100438,OPO134,Brand2,Model2,MEDIUM,B4100438,2003-04-13,167,11893
K46TDODZ04100439,OPO134,Brand3,Model4,MEDIUM,Y6100439,1994-10-14,123,12181
L78BWERD69100440,OPO134,Brand2,Model1,SMALL,L8100440,2010-05-26,164,11896
L01PXFFC58100441,LOD135,Brand4,Model3,BIG,U7100441,1990-08-04,139,10619
Q95OEWCH13100442,LOD135,Brand1,Model4,BIG,T0100442,2017-12-26,191,19334
J65FQIOE23100443,LOD135,Brand4,Model1,BIG,X4100443,1994-01-15,173,14415
W13GMDNN80100444,LOD135,Brand3,Model1,SMALL,C4100444,2007-02-08,169,12070
M34VIOGT29100445,LOD135,Brand1,Model1,LARGE,N4100445,2005-09-19,162,17701
B88USLIT99100446,LOD135,Brand4,Model4,BIG,K4100446,2009-10-31,145,10708
U77XWDGN42100447,LOD135,Brand3,Model4,SMALL,H5100447,2015-12-10,100,19124
T30ZTJJD13100448,LUK136,Brand2,Model3,MEDIUM,B2100448,1996-02-12,110,17503
W77JSLFO67100449,LUK136,Brand4,Model3,SMALL,X3100449,2002-06-27,156,12560
P97XGKPZ77100450,LUK136,Brand3,Model3,BIG,E9100450,2019-07-16,187,13343
W22PUTWR41100451,LUK136,Brand2,Model1,MEDIUM,Y1100451,2009-01-12,187,11483
W67HVMEK53100452,LUK136,Brand2,Model3,SMALL,G3100452,1990-02-06,178,11401
K60UMHUY70100453,LUK136,Brand1,Model2,SMALL,G1100453,2014-08-05,193,16339
E26RDHJS01100454,LUK136,Brand3,Model1,BIG,V8100454,1999-03-12,104,17879
J88BESZB12100455,LUK136,Brand3,Model1,LARGE,Y8100455,2006-05-11,121,17728
Z07USKLM88100456,LUK136,Brand1,Model3,BIG,Z3100456,2019-09-25,177,19831
C24VYXZQ39100457,LUK136,Brand1,Model2,BIG,H7100457,1994-01-06,157,17031
W21EFVTX30100458,LUK136,Brand1,Model4,LARGE,H3100458,2015-08-11,110,12333
W93XNFOR52100459,LUK136,Brand3,Model1,BIG,E6100459,2006-05-16,143,15476
V10JCFLB29100460,LUK136,Brand3,Model4,MEDIUM,G3100460,1996-02-27,129,19552
I63CPZCE08100461,LUK136,Brand1,Model1,LARGE,R2100461,1990-12-02,144,10212
O68LFLAG82100462,LUK136,Brand3,Model2,SMALL,U8100462,2014-03-09,151,18798
U54QUOOW63100463,LUK136,Brand1,Model3,BIG,V9100463,1993-10-17,146,15315
U54UYYTP55100464,LUK136,Brand3,Model3,SMALL,B6100464,2003-04-05,131,14351
V64NSACX71100465,LUK136,Brand2,Model3,BIG,Y4100465,2001-07-22,108,13806
B44EPUAL62100466,LUK136,Brand3,Model2,MEDIUM,S4100466,2009-08-09,175,15119
H02CQMOI15100467,LUK136,Brand3,Model2,MEDIUM,Y3100467,2017-12-04,154,10028
R84QFBYU84100468,LUK136,Brand1,Model4,BIG,I4100468,2013-03-05,178,12447
H74NMGCX01100469,LUK136,Brand3,Model3,SMALL,A9100469,2008-01-29,196,18788
D93AQXOU97100470,LUK136,Brand2,Model4,MEDIUM,U3100470,2008-12-01,126,19456
M65QUNLI83100471,LUK136,Brand4,Model1,LARGE,C4100471,2004-10-05,140,17808
G15VNPNK52100472,KPM137,Brand3,Model4,BIG,C9100472,2013-08-01,105,19009
Q57YAXPX15100473,KPM137,Brand1,Model1,BIG,N0100473,2006-09-24,185,16759
Z74WIJKH67100474,KPM137,Brand4,Model3,LARGE,N9100474,1997-05-13,135,15751
T28EOGNH27100475,KPM137,Brand4,Model4,SMALL,Z4100475,2004-04-13,170,12342
V20TYSLH36100476,KPM137,Brand1,Model4,MEDIUM,B7100476,2015-04-08,142,13341
C25FGSUZ59100477,KPM137,Brand4,Model2,BIG,J2100477,2009-10-03,126,15287
D15TBAQE01100478,KPM137,Brand2,Model2,BIG,B4100478,2017-04-21,178,19634
B99DJQZL35100479,KPM137,Brand1,Model3,LARGE,D3100479,2010-06-16,182,19011
T81VBVKP75100480,KPM137,Brand1,Model2,SMALL,F1100480,2013-02-06,166,12175
Y01JMMLQ67100481,KPM137,Brand4,Model3,SMALL,I4100481,2020-05-12,157,15937
Z61ABWXH04100482,KPM137,Brand4,Model2,SMALL,N8100482,1992-01-24,112,16500
J90QXVGH01100483,KPM137,Brand1,Model1,SMALL,W3100483,2017-02-15,181,14178
Q46FZOKP13100484,KPM137,Brand4,Model3,LARGE,E5100484,1993-11-24,128,16765
W08SHHHV75100485,KPM137,Brand3,Model3,MEDIUM,J8100485,2018-01-13,127,14494
U03QSPYR92100486,KPM137,Brand3,Model4,MEDIUM,G8100486,2014-01-09,124,14378
I57CXLSU96100487,KPM137,Brand4,Model4,SMALL,G5100487,2011-10-06,141,15469
T66VUVTU48100488,KPM137,Brand4,Model4,MEDIUM,L4100488,2020-05-07,114,18641
T27HQWGV46100489,LUK138,Brand2,Model2,MEDIUM,G2100489,1996-07-17,110,17179
C59FYCMW43100490,LUK138,Brand1,Model1,SMALL,Z8100490,2016-05-14,168,18371
Y83ACLST03100491,LUK138,Brand4,Model1,LARGE,J1100491,2007-12-15,131,13698
R54IXZPN95100492,LUK138,Brand2,Model2,BIG,C7100492,2003-07-16,191,12834
Q48UTFDD10100493,LUK138,Brand1,Model1,MEDIUM,Y1100493,2006-07-11,187,11905
O80DVZQF61100494,LUK138,Brand4,Model4,SMALL,K7100494,1999-10-12,114,14304
K71SPOZJ05100495,LUK138,Brand4,Model2,MEDIUM,V5100495,1992-02-01,119,16648
Q99OTHPZ45100496,LUB139,Brand2,Model2,SMALL,G0100496,2003-09-08,100,11218
X23CQZEE23100497,LUB139,Brand3,Model3,SMALL,G5100497,2013-02-08,164,17589
F13CFWJG43100498,LUB139,Brand4,Model1,BIG,K5100498,2018-01-24,136,13569
U21MHDSY42100499,LUB139,Brand2,Model2,SMALL,B0100499,1999-08-06,153,17862
H07UQFXM65100500,LUB139,Brand1,Model3,LARGE,P0100500,2003-01-07,159,16259
N59JITXB20100501,LUB139,Brand4,Model4,MEDIUM,N7100501,2003-10-23,153,15241
I55DYPTK28100502,LUB139,Brand2,Model3,MEDIUM,F5100502,1996-01-10,145,12733
A63AKMDQ11100503,LUB139,Brand4,Model4,SMALL,S2100503,2018-05-11,152,10779
B79FMOFA50100504,LUB139,Brand2,Model1,BIG,L7100504,1993-06-15,181,13405
G66PXADS26100505,LUB139,Brand4,Model2,BIG,F1100505,2013-12-03,103,18205
E03FQPYL88100506,LUB139,Brand2,Model3,LARGE,S6100506,2011-09-03,193,13936
E02PAEUZ77100507,LUB139,Brand2,Model3,BIG,A3100507,1997-09-11,115,19938
N34XWFOM73100508,LUB139,Brand3,Model2,SMALL,H4100508,1992-03-09,104,10774
J37NSQQI63100509,LUB139,Brand1,Model3,MEDIUM,Y1100509,2004-05-14,196,10041
X06NEBEF99100510,LUB139,Brand1,Model3,LARGE,J0100510,2009-06-27,192,18531
R80FQTUT18100511,LUB139,Brand3,Model3,LARGE,G1100511,1992-05-25,117,16624
J06LPJFO15100512,LUB139,Brand4,Model1,LARGE,V3100512,2006-08-13,124,17799
K88DLGEH35100513,LUB139,Brand2,Model4,LARGE,S9100513,1992-09-16,198,15216
A95RMOSO31100514,KPM140,Brand2,Model2,BIG,A0100514,2018-03-02,190,19578
Q55SXVSF96100515,KPM140,Brand1,Model3,BIG,T0100515,1997-08-27,148,11073
S97IFEKZ11100516,KPM140,Brand1,Model2,LARGE,V8100516,2001-10-18,190,11485
Q56ZDIXM36100517,KPM140,Brand2,Model3,SMALL,Y2100517,2001-11-07,128,19122
V84BLBRW67100518,KPM140,Brand2,Model3,LARGE,I3100518,2010-07-16,162,19237
K35FXFSE50100519,KPM140,Brand2,Model4,BIG,T0100519,1992-07-31,196,18542
S65AUWLA22100520,LUK141,Brand4,Model3,BIG,J2100520,2011-06-09,117,13003
Y70YUHCL23100521,LUK141,Brand3,Model4,SMALL,R5100521,1995-07-21,137,11674
E14YVCEH31100522,LUK141,Brand1,Model4,LARGE,F5100522,2020-04-13,132,15477
W74SLHMC45100523,LUK141,Brand4,Model4,LARGE,F2100523,1993-06-07,168,18820
Z18SKLFP12100524,LUK141,Brand1,Model1,BIG,O4100524,2019-07-14,185,11613
D21JOSVV31100525,LUK141,Brand1,Model1,LARGE,F6100525,2010-12-19,197,10060
A88ZKKAR01100526,LUK141,Brand2,Model3,BIG,H4100526,1992-06-14,129,15447
J81SEIDS64100527,LUK141,Brand2,Model4,SMALL,R7100527,2004-03-08,200,13849
T73LMODJ50100528,LUK141,Brand1,Model2,MEDIUM,E6100528,2019-10-29,166,10477
T90ZLPDQ20100529,LUK141,Brand1,Model1,BIG,J0100529,2017-10-19,123,11169
Y60IFDCZ65100530,LUK141,Brand4,Model4,MEDIUM,P2100530,2004-02-08,121,18237
G02BTRBN61100531,MAZ142,Brand3,Model3,LARGE,O3100531,2018-12-17,124,15659
D24MTZOY54100532,MAZ142,Brand2,Model2,MEDIUM,H6100532,1996-05-27,149,10534
K10KNHBC62100533,MAZ142,Brand4,Model3,MEDIUM,J2100533,2009-03-19,171,13519
I99MXVFK39100534,MAZ142,Brand1,Model4,LARGE,K2100534,2000-03-18,175,19671
Z72BWFPR16100535,MAZ142,Brand4,Model2,SMALL,B5100535,2013-10-25,157,14005
Z15GSAEQ64100536,MAZ142,Brand1,Model3,MEDIUM,W4100536,1993-06-20,107,11508
J87UDVAN68100537,MAZ142,Brand3,Model1,MEDIUM,T2100537,1990-05-09,134,19446
X78UYMIG57100538,MAZ142,Brand2,Model4,SMALL,X7100538,2001-02-27,123,11716
K87OGBDC12100539,LUK143,Brand1,Model2,BIG,F7100539,1999-08-09,133,12718
L22GPYFZ70100540,LUK143,Brand4,Model2,MEDIUM,I5100540,2019-11-27,128,17321
O24GDDHL42100541,LUK143,Brand2,Model3,SMALL,K6100541,1991-12-04,105,14796
P66HYXBW01100542,LUK143,Brand2,Model1,MEDIUM,N9100542,2015-11-12,153,12124
T74YNCUV75100543,LUK143,Brand4,Model1,SMALL,A6100543,1998-09-29,124,13125
C68BCRTG48100544,LUK143,Brand1,Model1,SMALL,E2100544,2013-05-20,179,10328
E89WYAPR90100545,LUK143,Brand2,Model4,SMALL,W0100545,2004-10-14,110,17583
M08QUOMF66100546,LUK143,Brand2,Model2,LARGE,D5100546,1997-09-28,130,10386
Z25KTWUH86100547,LUK143,Brand1,Model1,SMALL,K9100547,2001-05-01,146,18782
Q08PCGVJ79100548,LUK143,Brand1,Model4,SMALL,A9100548,2009-07-19,179,19687
Y47TLSJR19100549,LUK143,Brand2,Model4,BIG,J7100549,2016-02-16,126,12195
H39WLZMI04100550,LUK143,Brand4,Model1,BIG,M6100550,2010-10-25,199,16876
C25HIUUE23100551,LUK143,Brand3,Model4,LARGE,M2100551,1994-11-01,196,15500
K74VXCPV08100552,LUK143,Brand2,Model4,MEDIUM,E1100552,1990-04-06,133,12817
O89KPDUM52100553,LUK143,Brand2,Model1,BIG,R3100553,1990-02-25,160,16271
P73OQMQQ66100554,LUK143,Brand3,Model1,LARGE,W8100554,2015-06-18,193,11231
B14BOHWF37100555,LUK143,Brand1,Model3,MEDIUM,T1100555,2008-03-05,168,18910
W27DNZZR17100556,LOD144,Brand4,Model4,BIG,U7100556,2014-01-28,153,14239
W85YPMZG04100557,LOD144,Brand1,Model3,SMALL,T4100557,2018-06-06,161,10481
N50XARDN98100558,LOD144,Brand1,Model2,LARGE,S7100558,2007-11-29,107,18196
K41WHEKL05100559,OPO145,Brand1,Model4,MEDIUM,W3100559,2013-11-23,111,16933
S75UKCSI56100560,OPO145,Brand4,Model2,MEDIUM,S4100560,1998-02-21,167,11350
T98NHZEM97100561,OPO145,Brand4,Model2,SMALL,Z1100561,2000-09-16,160,16311
M75KIOJA32100562,LUB146,Brand1,Model3,MEDIUM,F5100562,1992-09-24,194,18385
R73LXGRS10100563,LUB146,Brand2,Model3,LARGE,L1100563,2009-10-16,180,12991
A07UYGTC67100564,LUB146,Brand3,Model4,SMALL,H4100564,1992-09-19,197,12891
B86KJSSN94100565,LUB146,Brand4,Model2,BIG,D8100565,1992-08-27,173,13258
E89USLNW33100566,LUB146,Brand4,Model3,BIG,R2100566,2005-12-20,132,18093
I38ZIPWY39100567,LUB146,Brand3,Model2,BIG,H7100567,2006-07-14,179,11969
I26JUIKU45100568,LUB146,Brand1,Model3,MEDIUM,U0100568,2009-09-14,161,18076
G87TGDHU97100569,LUB146,Brand1,Model2,BIG,R2100569,1996-10-07,169,16125
Z01PEOWS00100570,LUB146,Brand4,Model3,LARGE,C2100570,2015-03-20,199,12522
U71BXBJR74100571,LUB146,Brand1,Model4,SMALL,D1100571,2004-06-04,114,11657
O33CTIXW88100572,LUB146,Brand3,Model1,SMALL,N1100572,2008-07-16,143,10058
M43RFDBQ63100573,LUB146,Brand4,Model1,SMALL,F2100573,2010-08-10,129,17351
A26PSKOT88100574,LUB146,Brand1,Model3,BIG,P5100574,2012-03-18,115,14709
R57HJKHH25100575,LUB146,Brand2,Model2,MEDIUM,U9100575,2002-12-02,199,13764
G22PUFTW04100576,LUB146,Brand2,Model3,LARGE,J8100576,1999-09-14,149,16297
S97DPBQF64100577,LUB146,Brand3,Model2,SMALL,U4100577,2020-02-08,157,13554
U33RJARE25100578,LUB146,Brand1,Model3,LARGE,D4100578,2017-04-12,176,11092
Z48INCFY33100579,LUB146,Brand1,Model1,MEDIUM,A7100579,1997-08-17,180,19973
C82ALWYJ49100580,LUB146,Brand4,Model3,LARGE,I2100580,1994-04-27,103,11858
T72WBFFT96100581,LUB146,Brand4,Model3,MEDIUM,M0100581,2020-07-02,138,19581
H09ILVIH34100582,LUB146,Brand1,Model3,SMALL,E6100582,2010-10-27,106,12504
B93PRFUB97100583,LUB146,Brand2,Model4,MEDIUM,C8100583,2018-08-06,166,16676
G31DBVEJ35100584,MAZ147,Brand1,Model3,BIG,O8100584,2018-04-23,152,14703
S68XUAWG13100585,MAZ147,Brand1,Model4,LARGE,J2100585,2001-01-05,100,12218
B71YTGRY69100586,MAZ147,Brand3,Model1,BIG,D3100586,1990-08-04,140,16914
F98JVNLK00100587,MAZ147,Brand2,Model2,BIG,N1100587,2002-02-02,109,12165
G94RPHZU68100588,MAZ147,Brand3,Model3,SMALL,F9100588,1995-01-18,169,14530
J62CENOK87100589,MAZ147,Brand2,Model3,MEDIUM,F6100589,2020-03-14,176,10048
H38BWFSV03100590,MAL148,Brand4,Model4,SMALL,I1100590,2014-08-12,102,11635
C94ESHMH20100591,MAL148,Brand4,Model1,MEDIUM,A1100591,2016-01-12,175,13711
V58PIJJV56100592,MAL148,Brand1,Model1,LARGE,B2100592,2002-05-16,171,12076
A66KUKPH00100593,MAL148,Brand4,Model3,BIG,A0100593,1990-10-16,112,13512
H01ONGRA00100594,MAL148,Brand2,Model2,SMALL,C6100594,1998-11-07,192,15734
P75RABFI38100595,MAL148,Brand1,Model2,SMALL,N4100595,2019-05-12,193,13118
W23TVQEU62100596,MAL148,Brand2,Model3,MEDIUM,Y3100596,1998-03-01,148,15705
A47FAGIJ44100597,MAL148,Brand2,Model4,LARGE,A1100597,2006-08-15,114,16835
K62XNGWU02100598,MAL148,Brand3,Model4,BIG,Z6100598,2006-12-19,115,18356
V32FBGKD26100599,MAL148,Brand1,Model1,BIG,M3100599,2017-01-30,170,19164
Q90GODXR02100600,MAL148,Brand2,Model4,MEDIUM,F3100600,2006-08-11,154,16745
Z62OFNCY52100601,MAL148,Brand1,Model2,MEDIUM,U3100601,2002-01-01,110,15479
U42SBPOU22100602,MAL148,Brand3,Model3,SMALL,F8100602,1991-02-08,119,13890
O60NRUHQ73100603,MAL148,Brand3,Model4,BIG,R8100603,2011-07-23,134,19178
Z05JPLTM41100604,MAL148,Brand2,Model1,LARGE,E4100604,2019-08-25,143,13677
T36QPYMA24100605,MAL148,Brand1,Model3,LARGE,J8100605,2001-11-22,179,11355
A85MTKKI23100606,MAL148,Brand3,Model1,LARGE,E3100606,2001-09-25,110,14807
Y00EKNKU47100607,MAL148,Brand2,Model1,LARGE,D9100607,1992-04-09,181,13274
F67FOAGP65100608,LOD149,Brand2,Model4,SMALL,W2100608,2020-09-15,147,18757
Y49OEYJA63100609,LOD149,Brand2,Model1,MEDIUM,B1100609,2005-07-10,133,15216
B24ZNNJC85100610,LOD149,Brand1,Model4,LARGE,C3100610,2003-03-01,163,16242
X85HDODX29100611,LOD149,Brand2,Model1,BIG,B2100611,1999-09-27,187,17352
M02NWXFP41100612,LOD149,Brand4,Model2,MEDIUM,M4100612,1993-03-10,197,18034
R58JUTAD25100613,LOD149,Brand1,Model2,MEDIUM,I2100613,1991-07-15,137,19594
R95PIXVV02100614,LOD149,Brand3,Model3,SMALL,Q0100614,1994-08-23,148,14141
F04FDBVK74100615,LOD149,Brand2,Model4,LARGE,J5100615,2015-02-02,184,13403
G26AWQLJ65100616,LOD149,Brand4,Model1,SMALL,O6100616,1997-02-13,148,14829
K80BTNRH95100617,LOD149,Brand4,Model3,MEDIUM,Q1100617,2019-05-22,102,11845
F65GGHJF86100618,LOD149,Brand1,Model4,MEDIUM,I1100618,2019-01-17,188,17078
P37IJNYA52100619,LOD149,Brand3,Model3,MEDIUM,W7100619,2002-04-04,156,14528
R64RKLPM80100620,LOD149,Brand1,Model1,BIG,T3100620,2012-12-05,178,18027
I53TFJPT73100621,LOD149,Brand3,Model4,LARGE,G1100621,2005-01-25,177,10074
D58YHGQK41100622,LOD149,Brand2,Model2,SMALL,C8100622,1993-03-21,137,17551
A05STSHO60100623,LOD149,Brand1,Model3,LARGE,T8100623,1999-08-11,151,12166
Y97AETAL11100624,LOD149,Brand1,Model4,MEDIUM,O1100624,2001-01-01,151,11633
W21FTYWP83100625,LOD149,Brand2,Model3,BIG,X2100625,1996-05-17,150,17141
N29ZKOPJ04100626,LOD149,Brand3,Model4,SMALL,G8100626,1996-09-20,167,12690
F49SIFHO75100627,LOD149,Brand1,Model2,LARGE,N3100627,2005-08-01,147,11778
B01ZZAXZ12100628,LOD149,Brand4,Model4,MEDIUM,I4100628,2019-07-14,101,17039
D02DJRHN79100629,LOD149,Brand1,Model4,MEDIUM,Y7100629,2013-01-26,177,13324
F86NAOJO71100630,LOD149,Brand3,Model2,SMALL,F3100630,2018-09-30,138,14158
M78RUJLW10100631,LOD149,Brand3,Model4,SMALL,P9100631,2010-02-14,118,19755
