91407100001,LOD101,Chloe,Clark,K,2014-03-13,1968-05-25,Stazak
94453100002,LOD101,Alexander,Newman,M,2008-04-28,1979-06-16,Stazak
98800100003,LOD101,Boris,Mackay,M,2009-01-04,2000-02-03,Stazak
96920100004,LOD101,Christian,NAZWISKO74,M,2015-05-22,1971-04-16,Stazak
96745100005,LOD101,Jonathan,Watson,M,2011-06-24,1985-06-21,Stazak
95534100006,LOD101,Robert,NAZWISKO66,M,2007-12-15,1991-07-05,Stazak
93745100007,LOD101,Jacob,Paterson,M,2013-05-19,1993-01-15,Stazak
96112100008,LOD101,Robert,Clarkson,M,2011-02-17,2002-09-13,Stazak
93973100009,LOD101,Fiona,Fisher,K,2012-03-20,1994-09-13,Stazak
97376100010,LOD101,Jonathan,Ball,M,2007-07-29,1996-05-18,Stazak
97346100011,LOD101,Angela,Arnold,K,2007-06-08,1990-05-25,Stazak
98369100012,LOD101,Neil,Rees,M,2010-08-20,1970-02-02,Stazak
91385100013,LOD101,Carol,Reid,K,2008-06-19,1977-04-21,Stazak
95493100014,LOD101,Richard,Scott,M,2011-12-10,1973-05-21,Stazak
99671100015,LOD101,Zoe,NAZWISKO51,K,2008-02-16,1972-05-17,Stazak
98643100016,LOD101,Victor,Roberts,M,2010-02-07,1979-12-19,Stazak
99130100017,LUB102,James,May,M,2008-05-09,1979-12-13,Stazak
96862100018,LUB102,Cameron,NAZWISKO82,M,2014-10-31,1973-02-13,Stazak
99895100019,LUB102,Mary,Welch,K,2007-09-14,1977-10-12,Stazak
99656100020,LUB102,Melanie,Rees,K,2008-02-02,1984-08-06,Stazak
90715100021,LUB102,Cameron,Lawrence,M,2009-08-23,1978-07-01,Stazak
96741100022,LUB102,Simon,Kerr,M,2011-10-05,1982-07-30,Stazak
92945100023,LUB102,Felicity,NAZWISKO86,K,2014-12-19,2001-11-04,Stazak
97885100024,LUB102,Jack,Pullman,M,2012-08-25,1967-12-12,Stazak
95027100025,LUB102,Carolyn,NAZWISKO44,K,2014-09-03,1997-08-10,Stazak
96619100026,LUB102,Chloe,Thomson,K,2007-01-21,1971-06-16,Stazak
95279100027,LUB102,Dominic,Rampling,M,2013-05-28,1996-04-18,Stazak
93644100028,LUB102,Sue,Hamilton,K,2015-02-03,1996-02-26,Stazak
98275100029,LUB102,Melanie,Hodges,K,2014-11-20,1989-12-13,Stazak
94971100030,LUB102,Ian,Simpson,M,2012-09-12,1996-07-05,Stazak
92787100031,LUB102,Simon,McGrath,M,2015-07-28,1987-01-05,Stazak
97475100032,LUB102,Ava,Paterson,K,2011-04-21,1971-04-25,Stazak
94080100033,LUB102,Michael,NAZWISKO11,M,2013-02-15,1976-02-03,Stazak
91606100034,LUB102,Rebecca,NAZWISKO30,K,2006-08-25,1978-05-03,Stazak
99270100035,LUB102,Piers,Cameron,M,2007-08-11,1975-11-22,Stazak
93875100036,LUB102,Emily,Carr,K,2013-10-25,1993-12-18,Stazak
94731100037,LUB102,Wendy,Lewis,K,2010-01-15,1976-10-17,Stazak
99305100038,MAZ103,Richard,Davidson,M,2008-05-28,1978-11-25,Stazak
91914100039,MAZ103,Joan,Powell,K,2010-01-07,1997-10-28,Stazak
91231100040,MAZ103,Alexandra,NAZWISKO7,K,2009-06-10,1993-10-06,Stazak
90419100041,MAZ103,Christian,Carr,M,2008-11-20,1982-07-19,Stazak
95694100042,MAZ103,Zoe,Sharp,K,2008-03-13,2002-08-14,Stazak
94838100043,MAZ103,Sebastian,Welch,M,2013-08-31,1991-06-17,Stazak
93314100044,MAZ103,Alexandra,Arnold,K,2014-03-25,1985-12-11,Stazak
96318100045,MAZ103,Ian,Scott,M,2009-06-13,2002-07-17,Stazak
93412100046,MAZ103,Dylan,NAZWISKO40,M,2011-10-19,1993-05-13,Stazak
91623100047,MAZ103,Pippa,Hodges,K,2006-04-15,1995-10-06,Stazak
91242100048,OPO104,Jane,NAZWISKO22,K,2010-05-21,1966-12-27,Stazak
92557100049,OPO104,James,NAZWISKO79,M,2015-08-24,1984-11-30,Stazak
97329100050,OPO104,Virginia,Hudson,K,2008-09-14,1973-05-10,Stazak
95127100051,OPO104,Leonard,Miller,M,2014-03-22,1975-08-26,Stazak
91948100052,OPO104,Kimberly,Metcalfe,K,2011-11-06,1991-03-13,Stazak
99886100053,OPO104,Luke,Cameron,M,2014-05-10,1997-09-19,Stazak
93768100054,OPO104,Sally,Hudson,K,2007-02-03,1999-12-04,Stazak
92000100055,OPO104,Audrey,Henderson,K,2014-06-16,1994-10-24,Stazak
99292100056,OPO104,Jennifer,Morrison,K,2015-03-27,1984-02-08,Stazak
98943100057,OPO104,Penelope,Simpson,K,2010-02-14,2001-10-28,Stazak
98052100058,OPO104,Sam,Simpson,M,2012-11-22,1997-05-22,Stazak
94422100059,OPO104,Richard,Hunter,M,2014-12-26,1992-08-25,Stazak
97907100060,DSK105,Victoria,Russell,K,2011-04-05,1967-05-31,Stazak
90681100061,DSK105,Thomas,Davies,M,2013-02-01,1994-04-07,Stazak
90074100062,DSK105,Boris,Marshall,M,2008-06-06,1983-05-22,Stazak
93804100063,DSK105,Jake,Mackenzie,M,2007-01-16,1987-05-08,Stazak
99124100064,DSK105,Julian,Fraser,M,2008-04-30,1966-05-24,Stazak
97301100065,DSK105,Jan,Edmunds,K,2015-12-27,1980-09-28,Stazak
90266100066,DSK105,Julia,Johnston,K,2014-02-22,1971-11-13,Stazak
95175100067,DSK105,Dylan,Rees,M,2012-09-18,1971-05-04,Stazak
99151100068,DSK105,Una,Duncan,K,2014-11-06,1981-06-24,Stazak
94875100069,DSK105,Connor,Wilson,M,2015-09-15,1966-03-21,Stazak
99219100070,DSK105,Tracey,Dickens,K,2009-04-26,1995-01-29,Stazak
90484100071,DSK105,Alexandra,Hemmings,K,2010-06-18,1986-11-12,Stazak
94769100072,DSK105,Tracey,NAZWISKO62,K,2009-05-02,1981-11-15,Stazak
92945100073,DSK105,Maria,Bond,K,2014-08-13,1998-08-22,Stazak
94886100074,DSK105,Nicholas,Hill,M,2010-09-06,1966-02-10,Stazak
92800100075,DSK105,Rachel,Greene,K,2006-09-14,1979-09-24,Stazak
98423100076,DSK105,Katherine,Taylor,K,2013-05-05,1977-07-12,Stazak
98740100077,DSK105,Nathan,Reid,M,2015-06-17,1969-07-16,Stazak
91375100078,DSK105,Yvonne,Short,K,2012-11-22,1982-12-14,Stazak
92372100079,DSK105,Sarah,Sutherland,K,2015-02-13,1990-04-21,Stazak
94665100080,DSK105,Bernadette,Murray,K,2012-07-19,1993-08-26,Stazak
99436100081,DSK105,John,Rutherford,M,2010-05-21,1981-09-02,Stazak
99505100082,DSK105,Brandon,Wallace,M,2010-12-12,1971-06-26,Stazak
94059100083,DSK105,Ava,Dyer,K,2008-08-19,1976-01-05,Stazak
91500100084,LUK106,Dan,Hart,M,2008-05-26,1982-02-09,Stazak
96463100085,LUK106,Lillian,Grant,K,2009-02-24,1989-08-11,Stazak
96895100086,LUK106,Michelle,Mackenzie,K,2008-10-10,1995-06-11,Stazak
94355100087,LUK106,Anna,Howard,K,2006-11-12,1999-02-03,Stazak
93643100088,LUK106,Angela,Davidson,K,2010-02-09,1993-01-18,Stazak
98271100089,LUK106,Carolyn,Churchill,K,2013-12-07,2001-04-09,Stazak
93890100090,LUK106,Ella,Sanderson,K,2007-03-13,1991-11-21,Stazak
96635100091,LUK106,Lillian,NAZWISKO98,K,2009-09-05,1968-10-02,Stazak
97588100092,LUK106,Adam,Paterson,M,2009-10-01,1969-11-10,Stazak
94505100093,LUK106,Colin,Butler,M,2008-04-01,1982-11-11,Stazak
96068100094,LUK106,Jason,Lewis,M,2011-04-24,1980-07-26,Stazak
96281100095,LUK106,Heather,Slater,K,2015-02-25,1972-12-16,Stazak
90901100096,LUK106,Owen,King,M,2009-08-07,2002-07-26,Stazak
96960100097,LUK106,Paul,Berry,M,2009-06-18,1975-01-01,Stazak
96683100098,LUK106,Bernadette,MacDonald,K,2010-06-01,1998-08-14,Stazak
93306100099,LUK106,Lillian,Avery,K,2008-09-14,1970-02-19,Stazak
90598100100,LUK106,Alexander,Ellison,M,2010-10-07,1982-12-24,Stazak
99270100101,LUK106,Peter,Black,M,2015-08-05,1992-10-17,Stazak
93400100102,LUK106,Penelope,Gill,K,2014-08-29,1979-11-28,Stazak
91222100103,LUK106,Michael,Gill,M,2009-06-16,1984-11-04,Stazak
94932100104,LUK106,Dominic,Lee,M,2014-10-11,1976-04-08,Stazak
93878100105,LUK106,Faith,Alsop,K,2013-07-02,1979-11-21,Stazak
92558100106,LUK106,Andrew,Miller,M,2010-01-08,1967-06-27,Stazak
97737100107,DSK107,Frank,Berry,M,2009-10-21,2001-03-28,Stazak
99147100108,DSK107,Jonathan,Nash,M,2010-05-04,2002-01-23,Stazak
96440100109,DSK107,Jasmine,Stewart,K,2014-07-28,1972-03-01,Stazak
95799100110,DSK107,Jonathan,McLean,M,2013-11-16,1970-04-09,Stazak
97956100111,DSK107,Blake,Poole,M,2010-05-24,1987-09-15,Stazak
98178100112,DSK107,Jonathan,Mathis,M,2010-07-21,2002-02-19,Stazak
92458100113,DSK107,Owen,Tucker,M,2009-06-16,2001-05-27,Stazak
92827100114,DSK107,Julia,Graham,K,2012-06-01,1983-12-15,Stazak
90276100115,DSK107,Stephanie,Campbell,K,2007-05-12,1980-04-24,Stazak
99577100116,DSK107,Andrew,Parr,M,2006-10-05,1996-10-14,Stazak
93075100117,DSK107,Leah,Ross,K,2010-12-02,1998-07-30,Stazak
98914100118,DSK107,Sam,Nash,M,2008-05-07,1970-03-22,Stazak
90310100119,DSK107,Victor,Russell,M,2006-11-04,1971-05-27,Stazak
97473100120,DSK107,Sue,Bailey,K,2007-07-03,2000-09-02,Stazak
90935100121,DSK107,Isaac,Bond,M,2008-05-27,1979-04-15,Stazak
97377100122,MAL108,Adam,Powell,M,2013-06-10,2001-05-24,Stazak
97856100123,MAL108,Sam,Howard,M,2010-06-13,1976-04-27,Stazak
95599100124,MAL108,Robert,Arnold,M,2007-10-06,1998-04-01,Stazak
96318100125,MAL108,Amy,Mackenzie,K,2014-05-27,1988-02-09,Stazak
94016100126,MAL108,Christian,Ogden,M,2007-02-15,1968-12-30,Stazak
92660100127,MAL108,Kylie,Abraham,K,2015-05-29,1986-09-29,Stazak
90303100128,MAL108,Colin,James,M,2009-06-27,2001-03-24,Stazak
98185100129,MAL108,Ella,White,K,2015-10-18,1975-01-09,Stazak
90743100130,MAL108,Heather,Hunter,K,2012-11-24,1987-08-28,Stazak
92350100131,MAL108,Jacob,Edmunds,M,2012-11-05,1979-04-04,Stazak
96865100132,MAL108,Wendy,Dowd,K,2013-09-20,1989-12-02,Stazak
98295100133,MAL108,Carolyn,Lewis,K,2007-09-12,1977-06-27,Stazak
97397100134,MAL108,Angela,Watson,K,2009-07-25,2000-04-25,Stazak
99975100135,MAL108,Dan,Lambert,M,2011-09-25,1995-08-25,Stazak
97607100136,MAL108,Christian,McGrath,M,2009-11-10,1993-02-08,Stazak
95742100137,MAL108,Hannah,Hardacre,K,2010-07-14,1972-10-03,Stazak
93771100138,MAL108,Austin,Knox,M,2010-12-22,2000-08-19,Stazak
90481100139,MAL108,Maria,Anderson,K,2012-02-20,1986-07-29,Stazak
99168100140,MAL108,Harry,Howard,M,2007-09-07,1986-12-22,Stazak
91332100141,MAL108,Jennifer,Alsop,K,2006-10-05,2002-03-04,Stazak
91191100142,MAL108,Chloe,Glover,K,2009-11-05,1978-05-19,Stazak
90801100143,MAL108,Karen,Nash,K,2007-10-16,1995-12-17,Stazak
91520100144,MAL108,Stephanie,Carr,K,2013-05-02,1978-08-10,Stazak
95831100145,MAL108,Abigail,MacLeod,K,2007-07-26,1969-12-14,Stazak
96212100146,LOD109,Frank,Ross,M,2015-05-13,1967-12-12,Stazak
93548100147,LOD109,Faith,Parsons,K,2007-11-17,2001-10-15,Stazak
93259100148,LOD109,Wanda,Hodges,K,2011-07-07,1989-09-19,Stazak
93504100149,LOD109,Charles,Simpson,M,2006-02-16,1984-11-25,Stazak
99923100150,LOD109,Dorothy,Ogden,K,2007-12-22,1971-07-29,Stazak
94151100151,LOD109,Justin,Forsyth,M,2015-01-10,1985-07-05,Stazak
95073100152,LOD109,Cameron,Young,M,2007-05-21,2001-01-21,Stazak
91748100153,LOD109,Jennifer,Skinner,K,2009-03-02,1996-07-15,Stazak
93222100154,LOD109,Dorothy,Dickens,K,2009-06-28,1988-12-05,Stazak
94912100155,LOD109,David,Gray,M,2013-01-05,1989-09-23,Stazak
95883100156,LOD109,Robert,Sanderson,M,2013-04-06,2001-09-11,Stazak
93985100157,LOD109,Samantha,Simpson,K,2011-12-30,1997-01-22,Stazak
91511100158,LOD109,Rebecca,Hill,K,2008-12-07,1997-01-10,Stazak
98617100159,LOD109,Lillian,Langdon,K,2010-10-17,1990-05-04,Stazak
97163100160,KPM110,Joseph,Cornish,M,2008-12-13,1987-10-11,Stazak
93802100161,KPM110,Stephanie,Mackay,K,2015-09-19,1991-01-29,Stazak
90710100162,KPM110,Evan,Mathis,M,2007-07-01,1967-07-22,Stazak
94045100163,KPM110,Madeleine,Young,K,2014-09-28,1992-02-26,Stazak
96173100164,KPM110,Lillian,Abraham,K,2006-09-04,1993-06-21,Stazak
91172100165,KPM110,Angela,Bond,K,2015-05-27,1983-10-30,Stazak
95189100166,KPM110,Joan,Newman,K,2009-06-26,1992-10-06,Stazak
97197100167,KPM110,John,Sutherland,M,2015-07-28,2000-11-18,Stazak
90652100168,KPM110,Sonia,Thomson,K,2007-04-27,2001-01-29,Stazak
99329100169,KPM110,Olivia,Black,K,2010-06-30,1986-05-17,Stazak
97237100170,KPM110,Paul,Vaughan,M,2011-03-25,2001-05-08,Stazak
93055100171,KPM110,Felicity,Vance,K,2015-11-27,1982-11-13,Stazak
90853100172,KPM110,Una,Tucker,K,2015-06-26,1986-08-02,Stazak
91357100173,KPM110,Dorothy,Lewis,K,2014-10-13,1990-06-23,Stazak
97518100174,KPM110,Max,Avery,M,2015-03-31,1974-04-18,Stazak
99686100175,KPM110,John,Randall,M,2006-04-01,1984-10-15,Stazak
95353100176,KPM110,Virginia,Graham,K,2010-02-16,1980-01-31,Stazak
92419100177,KPM110,Sonia,Springer,K,2014-11-17,1997-01-03,Stazak
91328100178,LUB111,Jason,Glover,M,2007-10-19,1970-03-06,Stazak
92841100179,LUB111,Pippa,Sutherland,K,2006-03-05,1994-08-25,Stazak
90723100180,LUB111,Keith,Tucker,M,2008-02-15,2002-06-18,Stazak
99975100181,LUB111,Rachel,Lee,K,2009-11-01,1998-03-29,Stazak
92423100182,LUB111,David,Tucker,M,2012-09-11,1983-02-25,Stazak
90542100183,LUB111,Andrew,Skinner,M,2007-10-23,1985-09-03,Stazak
99052100184,LUB111,Jonathan,Newman,M,2011-03-12,1984-04-17,Stazak
90841100185,LUB111,Emma,Scott,K,2006-08-28,1994-06-17,Stazak
95420100186,LUB111,Samantha,Mackay,K,2012-07-01,1997-09-23,Stazak
94663100187,LUB111,Samantha,Manning,K,2011-08-04,1984-03-15,Stazak
95488100188,LUB111,Sonia,Abraham,K,2010-08-19,1990-04-15,Stazak
91311100189,LUB111,William,Paterson,M,2006-03-14,1997-09-17,Stazak
98282100190,LUB111,Paul,Stewart,M,2014-04-02,1993-05-05,Stazak
98147100191,LOD112,Victoria,Thomson,K,2015-07-12,1998-05-15,Stazak
95337100192,LOD112,Diane,NAZWISKO85,K,2006-11-21,1980-01-31,Stazak
93433100193,LOD112,Alan,Dyer,M,2006-04-27,1991-03-23,Stazak
91127100194,LOD112,David,Carr,M,2012-02-26,1993-01-16,Stazak
91260100195,LOD112,Charles,Davidson,M,2015-05-18,1973-04-11,Stazak
95623100196,LOD112,Brandon,Forsyth,M,2006-10-22,1972-10-31,Stazak
90516100197,LOD112,Liam,Short,M,2014-03-05,1969-01-02,Stazak
94934100198,LOD112,Theresa,Martin,K,2011-10-14,1973-11-05,Stazak
95446100199,LOD112,Michelle,Gill,K,2015-03-29,1998-05-30,Stazak
92883100200,LOD112,Heather,Quinn,K,2009-11-15,1991-03-24,Stazak
95800100201,LOD112,Amy,Ball,K,2008-01-15,1977-11-04,Stazak
90107100202,LOD112,Kimberly,Burgess,K,2010-07-30,1982-03-28,Stazak
98364100203,LOD112,Melanie,MacDonald,K,2010-02-22,1988-08-22,Stazak
91175100204,KPM113,Charles,NAZWISKO42,M,2007-01-28,1974-02-11,Stazak
96663100205,KPM113,Charles,NAZWISKO90,M,2015-03-20,1995-02-11,Stazak
94011100206,KPM113,Gavin,Mackay,M,2013-04-20,1981-08-27,Stazak
96517100207,KPM113,Claire,Walker,K,2014-10-17,1988-06-25,Stazak
96126100208,KPM113,Kimberly,McGrath,K,2006-07-04,1996-03-24,Stazak
98945100209,KPM113,Adrian,Springer,M,2011-08-20,1975-11-18,Stazak
95339100210,KPM113,Jan,Newman,K,2009-11-06,1989-04-30,Stazak
92189100211,KPM113,Peter,Rampling,M,2006-10-15,1972-12-13,Stazak
98597100212,KPM113,Madeleine,Piper,K,2008-01-30,1978-12-01,Stazak
91760100213,KPM113,Julia,Davies,K,2014-06-14,1972-05-06,Stazak
92126100214,KPM113,Madeleine,Quinn,K,2011-05-21,1970-11-22,Stazak
99557100215,KPM113,Chloe,Bower,K,2006-11-20,1980-05-05,Stazak
95377100216,KPM113,Alan,Davidson,M,2011-10-26,1966-07-05,Stazak
99039100217,KPM113,Keith,Mathis,M,2015-01-08,1985-07-22,Stazak
92525100218,KPM113,Jacob,NAZWISKO18,M,2006-07-30,1982-07-20,Stazak
92027100219,KPM113,Irene,Peake,K,2011-05-15,1975-08-03,Stazak
94984100220,KPM113,Connor,Sanderson,M,2014-07-20,1992-02-25,Stazak
96087100221,KPM113,Zoe,Baker,K,2015-05-24,1983-05-18,Stazak
99712100222,KPM113,Sophie,Lyman,K,2008-11-19,1990-09-25,Stazak
96143100223,KPM113,Caroline,Ross,K,2008-05-02,1983-12-18,Stazak
95148100224,KPM113,Samantha,Dickens,K,2014-06-14,1973-04-13,Stazak
92959100225,KPM113,David,Manning,M,2008-12-03,1983-05-24,Stazak
93938100226,KPM113,Anthony,Gray,M,2010-01-04,1997-06-19,Stazak
98817100227,LOD114,James,Vance,M,2013-02-19,1996-07-20,Stazak
92994100228,LOD114,Megan,Kelly,K,2008-05-07,1982-08-21,Stazak
99791100229,LOD114,Chloe,Short,K,2008-03-05,1998-04-05,Stazak
95637100230,LOD114,Dominic,North,M,2008-02-03,2000-03-22,Stazak
99769100231,LOD114,Carl,Knox,M,2006-11-13,1979-08-28,Stazak
96620100232,LOD114,James,Lyman,M,2012-12-31,1994-04-19,Stazak
92821100233,LOD114,Isaac,Jones,M,2015-09-02,1984-03-24,Stazak
92634100234,LOD114,Austin,Jackson,M,2011-11-20,1973-04-21,Stazak
92258100235,LOD114,Heather,Hemmings,K,2012-01-24,1986-02-10,Stazak
95753100236,LOD114,Kevin,Nolan,M,2012-01-15,1991-04-16,Stazak
92656100237,LOD114,Victor,Tucker,M,2010-12-15,1998-09-20,Stazak
92647100238,LOD114,Emma,Turner,K,2010-05-24,1999-12-05,Stazak
94343100239,LOD114,Mary,Sharp,K,2013-06-19,1969-11-23,Stazak
96345100240,LOD114,Michael,Davidson,M,2011-10-25,1989-08-27,Stazak
97127100241,LOD114,Victoria,Poole,K,2006-11-22,1986-02-25,Stazak
92726100242,MAZ115,Abigail,Underwood,K,2013-02-15,1967-07-13,Stazak
96146100243,MAZ115,Blake,Kelly,M,2012-04-03,2001-11-12,Stazak
96993100244,MAZ115,Thomas,Pullman,M,2015-01-11,1985-06-28,Stazak
98282100245,MAZ115,Amanda,Hemmings,K,2014-12-10,1980-07-20,Stazak
94835100246,MAZ115,William,Ellison,M,2009-01-09,1984-02-23,Stazak
92012100247,MAZ115,James,Bailey,M,2009-01-20,1984-06-29,Stazak
90327100248,MAZ115,Dominic,Mitchell,M,2007-09-12,1967-04-26,Stazak
97487100249,MAZ115,Gavin,NAZWISKO56,M,2015-07-25,1987-08-03,Stazak
90553100250,MAZ115,Benjamin,Baker,M,2007-01-11,1980-01-15,Stazak
92430100251,MAZ115,Anna,King,K,2008-03-26,1989-08-03,Stazak
97702100252,MAZ115,Lauren,Mitchell,K,2009-12-26,1977-08-29,Stazak
96608100253,MAZ115,Caroline,Parsons,K,2011-09-04,1977-05-14,Stazak
98264100254,MAZ115,Peter,Parsons,M,2013-11-17,1993-11-14,Stazak
97126100255,MAZ115,Adrian,Baker,M,2008-12-08,2002-06-12,Stazak
98310100256,MAZ115,Kylie,Reid,K,2011-12-14,1966-09-15,Stazak
94980100257,MAZ115,Jacob,Short,M,2009-04-14,1983-12-17,Stazak
96665100258,KPM116,Kevin,Gibson,M,2014-12-23,1966-03-10,Stazak
95740100259,KPM116,Sophie,Nolan,K,2014-04-10,1997-10-28,Stazak
96438100260,KPM116,Dorothy,Wilkins,K,2010-10-25,1989-02-12,Stazak
99472100261,KPM116,Heather,Turner,K,2008-10-05,1988-05-30,Stazak
94505100262,KPM116,Peter,Lambert,M,2007-03-15,1995-04-24,Stazak
96541100263,KPM116,Stephen,Smith,M,2015-04-19,1977-04-07,Stazak
92537100264,KPM116,Jacob,Robertson,M,2015-07-07,1999-04-07,Stazak
95621100265,KPM116,Anthony,Buckland,M,2010-10-22,1985-06-21,Stazak
93689100266,KPM116,Andrew,Lawrence,M,2009-11-08,1999-01-01,Stazak
98380100267,KPM116,Jason,Henderson,M,2013-02-08,1995-02-23,Stazak
97571100268,KPM116,William,Mackay,M,2010-05-20,1973-11-01,Stazak
94972100269,KPM116,Nicholas,Peake,M,2015-05-20,1990-08-01,Stazak
91843100270,KPM116,Leah,Sharp,K,2014-10-19,1989-03-15,Stazak
98466100271,KPM116,Nicola,NAZWISKO17,K,2013-01-07,1972-04-02,Stazak
97475100272,KPM116,Maria,Robertson,K,2014-08-03,1985-10-19,Stazak
96508100273,KPM116,Piers,Kerr,M,2013-07-19,2000-05-16,Stazak
92784100274,KPM116,Megan,Duncan,K,2007-03-22,1989-06-15,Stazak
90066100275,KPM116,Bernadette,Parsons,K,2006-08-16,1978-01-10,Stazak
98491100276,KPM116,Julian,NAZWISKO68,M,2007-02-22,1977-02-23,Stazak
94320100277,KPM116,Mary,Arnold,K,2006-08-17,1969-02-17,Stazak
93810100278,KPM116,Sean,Hemmings,M,2010-08-11,2001-09-13,Stazak
92048100279,MAL117,Sam,Black,M,2008-03-21,1969-03-21,Stazak
96898100280,MAL117,Joshua,Wright,M,2011-10-12,1996-09-25,Stazak
94292100281,MAL117,Sam,Arnold,M,2015-08-07,1980-12-05,Stazak
91297100282,MAL117,John,Slater,M,2006-08-01,1993-05-28,Stazak
99608100283,MAL117,Jessica,Hunter,K,2007-01-16,1967-02-19,Stazak
97614100284,MAL117,Caroline,Springer,K,2015-01-29,1967-05-01,Stazak
94743100285,MAL117,Dorothy,Dyer,K,2014-10-11,1999-09-21,Stazak
91370100286,MAL117,Emily,NAZWISKO0,K,2014-09-15,1992-02-11,Stazak
98223100287,MAL117,Justin,Nolan,M,2006-03-19,1982-04-21,Stazak
94934100288,MAL117,Alison,Robertson,K,2012-07-05,1973-01-13,Stazak
97061100289,MAL117,Angela,Dyer,K,2006-04-06,2001-05-05,Stazak
95225100290,MAL117,Charles,James,M,2012-02-03,1994-10-10,Stazak
99761100291,MAL117,Michael,Cameron,M,2012-01-03,1982-02-20,Stazak
90734100292,MAL117,Tracey,Carr,K,2015-05-07,1986-07-18,Stazak
91429100293,MAL117,Michael,Johnston,M,2014-11-07,1968-03-08,Stazak
98640100294,MAL117,Ryan,Gibson,M,2008-06-21,1981-07-05,Stazak
94298100295,MAL117,Amanda,Parsons,K,2014-06-13,1997-01-12,Stazak
95975100296,MAL117,Heather,Wilson,K,2012-04-06,2001-03-13,Stazak
95149100297,MAL117,Dan,Simpson,M,2008-11-01,1993-11-24,Stazak
99135100298,MAL117,Jonathan,White,M,2007-09-24,1971-02-11,Stazak
94831100299,MAL117,Isaac,Turner,M,2009-04-02,1979-03-12,Stazak
95627100300,MAL117,Kimberly,Nolan,K,2007-07-25,1991-04-28,Stazak
94492100301,MAL117,Dorothy,Ferguson,K,2008-12-27,1981-04-07,Stazak
92199100302,MAL118,Heather,Parr,K,2009-09-04,1985-12-08,Stazak
98844100303,MAL118,Victoria,Harris,K,2010-07-22,1985-03-22,Stazak
93864100304,MAL118,Katherine,Mills,K,2010-12-17,1972-09-15,Stazak
99606100305,MAL118,Lucas,Martin,M,2013-12-03,1985-02-14,Stazak
94135100306,MAL118,Ava,Randall,K,2010-12-02,1982-11-01,Stazak
93910100307,MAL118,Luke,McLean,M,2010-06-24,1966-08-11,Stazak
93431100308,MAL118,Amanda,Hughes,K,2015-04-30,1970-12-05,Stazak
95134100309,MAL118,Sebastian,Jones,M,2009-01-08,1993-08-10,Stazak
97715100310,MAL118,Vanessa,Parr,K,2015-07-14,1973-03-26,Stazak
95180100311,MAL118,Luke,North,M,2011-05-26,1981-10-09,Stazak
91951100312,MAL118,Lucas,NAZWISKO55,M,2011-03-29,1990-07-24,Stazak
99537100313,MAL118,Stewart,Coleman,M,2011-11-25,1972-10-21,Stazak
90992100314,MAL118,Julian,Walker,M,2007-10-23,1972-07-06,Stazak
93764100315,MAL118,William,James,M,2014-05-02,1981-09-15,Stazak
91532100316,MAL118,Michelle,Berry,K,2008-05-10,1975-09-23,Stazak
98315100317,MAL118,Luke,NAZWISKO76,M,2010-04-18,1997-02-02,Stazak
93840100318,MAL118,Max,NAZWISKO57,M,2015-12-04,1976-03-05,Stazak
95866100319,MAL118,Gavin,Lyman,M,2006-08-25,1996-06-13,Stazak
94257100320,MAL118,Colin,Miller,M,2015-08-20,1993-04-14,Stazak
90433100321,MAL118,Christopher,Bond,M,2013-07-16,1977-12-08,Stazak
99845100322,MAL118,Oliver,NAZWISKO20,M,2015-10-31,1986-04-17,Stazak
90636100323,MAL118,Donna,Dickens,K,2009-12-10,1997-09-29,Stazak
99947100324,LUK119,Emily,Anderson,K,2015-08-08,1977-06-20,Stazak
93203100325,LUK119,Evan,Dowd,M,2008-01-04,1976-12-20,Stazak
96961100326,LUK119,Dorothy,Gill,K,2008-09-08,1981-06-06,Stazak
92355100327,LUK119,Alexander,Turner,M,2013-09-11,1997-07-25,Stazak
92892100328,LUK119,Lisa,North,K,2007-12-31,1997-01-26,Stazak
96107100329,LUK119,Joan,Sutherland,K,2010-12-12,1976-10-06,Stazak
90143100330,LUK119,Vanessa,Lee,K,2010-04-29,1989-10-07,Stazak
95136100331,LUK119,Leah,Powell,K,2006-10-24,2001-01-13,Stazak
90709100332,LUK119,Matt,NAZWISKO65,M,2008-05-20,1974-04-23,Stazak
94884100333,LUK119,Rachel,Roberts,K,2013-06-01,1967-01-07,Stazak
91120100334,LUK119,Rachel,Russell,K,2013-01-01,1972-06-20,Stazak
93737100335,LUK119,Hannah,Ince,K,2015-02-27,1984-02-22,Stazak
96098100336,LUK119,Dylan,Piper,M,2010-01-22,1993-10-01,Stazak
94459100337,LUK119,Leonard,Knox,M,2011-07-02,1997-01-04,Stazak
99004100338,LUK119,Kevin,Mackenzie,M,2006-04-16,1990-01-28,Stazak
99198100339,LUK119,Sean,Wright,M,2008-03-22,1988-07-18,Stazak
91938100340,LUK119,Trevor,NAZWISKO91,M,2006-03-09,1974-01-07,Stazak
99819100341,LUK119,Anthony,Hemmings,M,2009-05-29,1994-04-27,Stazak
98523100342,LUK119,Rebecca,Bond,K,2013-01-23,2001-09-01,Stazak
99160100343,LUK119,Theresa,Ellison,K,2007-07-05,1993-08-10,Stazak
90255100344,LUK119,Simon,Davies,M,2008-04-05,1991-07-05,Stazak
96117100345,LUK119,Audrey,Harris,K,2006-10-26,1966-12-09,Stazak
90807100346,LUK119,Stephen,Baker,M,2013-05-02,1975-09-13,Stazak
92593100347,LOD120,Victoria,Rutherford,K,2006-12-11,1988-05-01,Stazak
96818100348,LOD120,Stewart,McLean,M,2006-12-25,1971-12-08,Stazak
98886100349,LOD120,Frank,Manning,M,2006-05-03,1993-09-26,Stazak
95704100350,LOD120,Rebecca,Langdon,K,2008-06-17,1999-03-18,Stazak
95655100351,LOD120,Stephanie,Tucker,K,2015-09-04,1974-11-11,Stazak
91904100352,LOD120,Brandon,North,M,2011-02-09,1993-04-17,Stazak
92350100353,LOD120,Jan,Clark,K,2009-09-07,1972-09-22,Stazak
97922100354,LOD120,Maria,Nash,K,2006-08-29,1974-11-30,Stazak
92184100355,LOD120,Boris,Avery,M,2010-08-09,1988-08-02,Stazak
96189100356,LOD120,Gordon,Mills,M,2010-09-09,1977-03-21,Stazak
97219100357,LOD120,Boris,Lambert,M,2006-12-02,1970-11-27,Stazak
98211100358,LOD120,Justin,Slater,M,2014-01-12,1990-05-18,Stazak
90473100359,LOD120,James,Ross,M,2007-10-24,1968-04-25,Stazak
98730100360,LOD120,Phil,Cameron,M,2007-01-19,2002-07-09,Stazak
95253100361,LOD120,Andrew,Turner,M,2015-10-20,1989-12-31,Stazak
96293100362,LOD120,John,Duncan,M,2010-08-28,1974-07-12,Stazak
97666100363,KPM121,Gabrielle,Stewart,K,2015-04-18,1990-06-26,Stazak
97258100364,KPM121,Simon,Sharp,M,2007-01-26,1969-02-07,Stazak
92786100365,KPM121,Emma,Lewis,K,2009-03-22,1974-03-27,Stazak
97791100366,KPM121,Abigail,NAZWISKO67,K,2014-05-31,1978-05-21,Stazak
98093100367,KPM121,Jason,Hughes,M,2006-05-08,2002-09-03,Stazak
96379100368,KPM121,Nicola,Watson,K,2014-04-08,2000-08-07,Stazak
96356100369,KPM121,Lillian,NAZWISKO58,K,2014-02-20,1978-06-09,Stazak
93544100370,KPM121,Gordon,Duncan,M,2009-01-30,1984-06-30,Stazak
97281100371,KPM121,Stewart,Bower,M,2014-05-29,1991-11-13,Stazak
93611100372,KPM121,Amanda,Wilson,K,2012-05-21,1967-07-12,Stazak
95936100373,KPM121,Colin,Nash,M,2015-07-30,1966-06-21,Stazak
91229100374,KPM121,Kylie,NAZWISKO93,K,2006-07-19,2002-03-24,Stazak
97290100375,KPM121,Nicola,Pullman,K,2008-06-10,1992-08-08,Stazak
93788100376,KPM121,Isaac,Tucker,M,2007-03-30,1979-04-17,Stazak
95979100377,KPM121,Karen,Wallace,K,2008-07-29,1989-11-17,Stazak
97022100378,KPM121,Sean,Mitchell,M,2014-12-23,2002-02-07,Stazak
90608100379,KPM121,Leonard,Skinner,M,2015-06-23,1972-07-22,Stazak
96572100380,KPM121,Alexander,Marshall,M,2012-04-04,1973-12-15,Stazak
90637100381,KPM121,Victor,NAZWISKO9,M,2011-04-28,1966-09-19,Stazak
98794100382,KPM121,Rebecca,Short,K,2011-09-06,1983-08-21,Stazak
96715100383,LOD122,Penelope,Taylor,K,2009-02-08,1983-06-23,Stazak
94975100384,LOD122,Gabrielle,NAZWISKO3,K,2010-08-26,1996-12-23,Stazak
95347100385,LOD122,Edward,Allan,M,2011-12-16,1998-01-26,Stazak
90751100386,LOD122,Hannah,McLean,K,2010-03-14,1984-08-08,Stazak
90143100387,LOD122,Robert,Quinn,M,2012-09-20,1995-02-27,Stazak
99359100388,LOD122,Bella,Bailey,K,2010-11-06,1971-07-22,Stazak
97637100389,LOD122,Katherine,Gill,K,2013-05-11,2002-04-27,Stazak
90905100390,LOD122,Luke,Hamilton,M,2013-10-26,1995-11-28,Stazak
92953100391,LOD122,Diane,King,K,2009-06-18,1984-03-28,Stazak
98909100392,LOD122,Megan,Campbell,K,2014-09-02,1976-11-11,Stazak
98026100393,LOD122,Amy,Morrison,K,2010-09-18,1994-08-25,Stazak
94716100394,LOD122,Simon,MacLeod,M,2010-09-05,1978-03-29,Stazak
95386100395,LOD122,Audrey,Glover,K,2007-10-31,1998-07-27,Stazak
96184100396,LOD122,Ian,Springer,M,2015-02-16,1999-12-21,Stazak
91305100397,DSK123,Anthony,Paterson,M,2014-03-12,1988-10-14,Stazak
93469100398,DSK123,Oliver,Nash,M,2015-07-17,1990-02-17,Stazak
92582100399,DSK123,Isaac,Watson,M,2012-06-18,1966-11-19,Stazak
96350100400,DSK123,Caroline,Greene,K,2012-09-11,1970-04-23,Stazak
97793100401,DSK123,Maria,Hodges,K,2012-06-12,1966-08-12,Stazak
91795100402,DSK123,Sue,Metcalfe,K,2006-12-07,1989-11-30,Stazak
96222100403,DSK123,Ella,Oliver,K,2010-08-04,1966-02-01,Stazak
92835100404,DSK123,Dominic,Abraham,M,2006-06-13,1996-03-12,Stazak
93909100405,DSK123,Carolyn,Chapman,K,2006-07-30,2000-04-29,Stazak
97551100406,DSK123,Rose,Buckland,K,2010-08-27,1976-01-14,Stazak
96664100407,DSK123,Oliver,Terry,M,2010-08-08,1981-11-20,Stazak
96740100408,DSK123,Leonard,Buckland,M,2014-01-27,1974-03-28,Stazak
96208100409,DSK123,Liam,Sutherland,M,2014-07-20,1985-02-08,Stazak
92608100410,DSK123,Wendy,Reid,K,2015-12-19,1980-08-04,Stazak
96271100411,DSK123,Sean,Harris,M,2010-05-25,1970-01-11,Stazak
90290100412,DSK123,Carol,McDonald,K,2007-04-06,1982-08-08,Stazak
99356100413,DSK124,Evan,Powell,M,2013-05-28,2002-03-04,Stazak
98232100414,DSK124,Andrew,Butler,M,2010-08-11,1986-08-20,Stazak
95720100415,DSK124,Madeleine,Paterson,K,2013-10-29,1969-03-15,Stazak
96841100416,DSK124,Alexander,Brown,M,2008-05-03,1988-02-01,Stazak
93080100417,DSK124,Sarah,Gray,K,2008-02-12,1982-01-11,Stazak
90989100418,DSK124,Caroline,Clark,K,2007-07-22,1994-08-26,Stazak
91759100419,DSK124,Deirdre,Cameron,K,2008-03-17,2000-06-14,Stazak
94817100420,DSK124,Eric,Nolan,M,2011-07-05,1972-06-16,Stazak
98618100421,DSK124,Sam,Lambert,M,2008-10-26,1979-02-18,Stazak
96770100422,DSK124,Jane,Lee,K,2015-07-10,1983-06-24,Stazak
90274100423,DSK124,Carolyn,Wilkins,K,2009-03-30,1970-09-11,Stazak
90425100424,DSK124,Joan,Tucker,K,2010-05-12,1987-12-30,Stazak
95526100425,DSK124,Joe,May,M,2009-08-06,1968-03-07,Stazak
95665100426,DSK124,Jake,NAZWISKO34,M,2011-06-08,1992-10-31,Stazak
94581100427,DSK124,Michelle,Edmunds,K,2014-03-09,1973-11-25,Stazak
91856100428,KPM125,Paul,Nash,M,2008-06-14,1984-09-18,Stazak
98044100429,KPM125,Ava,Rampling,K,2006-01-19,1992-11-11,Stazak
92828100430,KPM125,Sonia,Harris,K,2007-04-24,1984-06-01,Stazak
96996100431,KPM125,Stewart,Hill,M,2015-02-20,1980-12-02,Stazak
98998100432,KPM125,Vanessa,James,K,2012-05-11,1975-04-07,Stazak
92889100433,KPM125,Karen,NAZWISKO99,K,2010-11-21,1988-11-11,Stazak
98948100434,KPM125,Jonathan,NAZWISKO38,M,2014-03-25,1976-09-05,Stazak
98486100435,KPM125,Julia,Clark,K,2010-02-10,2001-04-27,Stazak
91053100436,KPM125,Jasmine,Johnston,K,2008-03-28,1970-06-03,Stazak
91254100437,KPM125,Joe,Piper,M,2010-03-24,1979-01-14,Stazak
90170100438,OPO126,Theresa,Lewis,K,2012-05-19,1997-01-22,Stazak
94584100439,OPO126,Victoria,Allan,K,2010-11-21,1986-04-02,Stazak
90927100440,OPO126,Simon,Taylor,M,2011-04-17,1993-05-05,Stazak
97468100441,OPO126,Pippa,Short,K,2015-08-12,2002-01-26,Stazak
96709100442,OPO126,Sean,Bower,M,2014-03-31,1997-10-21,Stazak
96736100443,OPO126,Rebecca,Wright,K,2013-04-25,1968-02-05,Stazak
94833100444,OPO126,William,Roberts,M,2014-11-02,1983-06-30,Stazak
98371100445,OPO126,Molly,Wilson,K,2007-07-13,1970-10-03,Stazak
93961100446,OPO126,Julian,Hudson,M,2014-01-31,1968-02-25,Stazak
92359100447,OPO126,Heather,Rees,K,2009-10-23,2000-06-12,Stazak
92466100448,OPO126,Caroline,Dowd,K,2014-06-20,2000-12-18,Stazak
93744100449,OPO126,Trevor,James,M,2008-05-30,1967-04-17,Stazak
91015100450,OPO126,Dorothy,Bower,K,2013-05-18,2002-10-28,Stazak
91536100451,OPO126,Jake,Peake,M,2007-11-18,1996-07-12,Stazak
91958100452,OPO126,Emma,Bailey,K,2013-12-13,1998-03-16,Stazak
94634100453,KPM127,Theresa,Miller,K,2010-05-23,1989-01-03,Stazak
94104100454,KPM127,Amelia,Ross,K,2015-03-09,1981-07-31,Stazak
97978100455,KPM127,Phil,NAZWISKO29,M,2013-12-22,1991-04-04,Stazak
99368100456,KPM127,Sebastian,White,M,2013-03-19,1997-05-06,Stazak
98463100457,KPM127,Joan,Scott,K,2011-05-13,1970-02-19,Stazak
98361100458,KPM127,Fiona,Miller,K,2009-02-03,1984-10-06,Stazak
96812100459,KPM127,Ava,Bell,K,2012-04-12,2000-12-28,Stazak
90055100460,KPM127,Sophie,Peters,K,2014-12-20,1968-08-21,Stazak
90490100461,KPM127,Tracey,Rampling,K,2014-10-18,1969-08-18,Stazak
93504100462,KPM127,Carl,Morgan,M,2015-05-24,1975-01-01,Stazak
99058100463,KPM127,Andrew,Martin,M,2009-02-27,1969-02-08,Stazak
97492100464,KPM127,Ruth,Rampling,K,2010-08-23,1969-02-12,Stazak
94203100465,MAL128,Gordon,Poole,M,2007-11-07,1987-07-08,Stazak
95423100466,MAL128,Katherine,Wallace,K,2009-06-13,1992-12-10,Stazak
97017100467,MAL128,Isaac,Young,M,2007-12-22,1992-09-20,Stazak
98004100468,MAL128,Dylan,Johnston,M,2009-08-04,2002-06-17,Stazak
91504100469,MAL128,Phil,Clark,M,2012-10-10,1994-02-01,Stazak
93840100470,MAL128,Grace,Parr,K,2012-06-03,1992-03-19,Stazak
96313100471,MAL128,Stephen,Robertson,M,2012-04-25,2002-05-26,Stazak
91601100472,MAL128,Leah,Gray,K,2008-11-24,1974-09-18,Stazak
91812100473,MAL128,Maria,Tucker,K,2011-08-16,1974-07-23,Stazak
99543100474,MAL128,Ryan,Hardacre,M,2013-03-07,1979-03-17,Stazak
90708100475,MAL128,Andrew,Mackay,M,2006-08-15,1966-05-19,Stazak
99982100476,MAL128,Pippa,Butler,K,2010-03-25,1975-05-28,Stazak
98622100477,MAL128,Adrian,Campbell,M,2010-11-12,1974-05-08,Stazak
97700100478,MAL128,Ian,Hamilton,M,2011-11-22,1993-07-08,Stazak
94155100479,MAL128,Sophie,Mills,K,2006-09-11,1980-06-18,Stazak
98995100480,MAL128,Frank,Kelly,M,2008-03-03,1970-12-17,Stazak
94231100481,MAL128,Ruth,Nolan,K,2015-08-07,2001-02-15,Stazak
99545100482,MAL128,Gavin,Martin,M,2014-11-07,1980-02-10,Stazak
95041100483,MAL128,Christian,Newman,M,2012-07-23,1986-07-22,Stazak
94397100484,MAL128,Deirdre,Harris,K,2007-09-14,1996-05-26,Stazak
90459100485,MAL128,Jake,Terry,M,2006-10-27,2000-12-03,Stazak
97927100486,MAL128,Robert,Morrison,M,2009-04-23,2002-03-18,Stazak
95820100487,MAL128,Alison,Cornish,K,2006-12-18,1989-08-20,Stazak
94142100488,MAL128,Joe,Roberts,M,2013-03-07,1992-01-06,Stazak
91992100489,MAL128,Adrian,Terry,M,2010-05-11,2001-10-06,Stazak
93173100490,DSK129,Leah,Jackson,K,2009-12-30,1995-07-11,Stazak
91225100491,DSK129,Jessica,Welch,K,2012-09-12,1987-04-08,Stazak
93691100492,DSK129,Una,Henderson,K,2007-07-28,1983-09-16,Stazak
91991100493,DSK129,Kimberly,Hill,K,2009-07-22,1969-05-01,Stazak
96944100494,DSK129,Dylan,Bell,M,2014-04-21,1969-11-19,Stazak
98122100495,DSK129,Wanda,Manning,K,2011-10-03,2001-02-14,Stazak
94845100496,DSK129,Virginia,Hill,K,2008-03-11,1977-02-07,Stazak
90490100497,DSK129,Steven,Greene,M,2011-03-22,1977-03-16,Stazak
98618100498,DSK129,Joshua,Churchill,M,2008-09-29,1995-05-29,Stazak
93168100499,DSK129,Jan,Buckland,K,2012-05-07,1972-04-29,Stazak
90017100500,DSK129,Charles,Knox,M,2015-03-29,1981-11-01,Stazak
94042100501,DSK129,Sean,Grant,M,2014-12-05,1980-06-29,Stazak
90828100502,DSK129,Stewart,Lee,M,2006-01-11,1986-07-25,Stazak
97358100503,DSK129,Dorothy,Peters,K,2008-06-17,1973-03-25,Stazak
90614100504,DSK129,Angela,Russell,K,2012-03-15,1968-02-20,Stazak
96936100505,DSK129,Grace,Gibson,K,2009-08-06,1968-07-02,Stazak
99771100506,DSK129,Amy,Peake,K,2011-10-08,1976-12-01,Stazak
96820100507,DSK129,Charles,Piper,M,2008-11-15,1984-12-25,Stazak
97349100508,DSK129,Pippa,Black,K,2012-04-18,1985-10-14,Stazak
93055100509,DSK129,Kevin,Sutherland,M,2007-05-20,1975-04-16,Stazak
95598100510,LUK130,Connor,Ross,M,2012-04-01,1968-04-26,Stazak
92724100511,LUK130,Una,Ross,K,2007-01-20,1967-04-17,Stazak
95590100512,LUK130,Katherine,Henderson,K,2014-05-10,1969-02-24,Stazak
93848100513,LUK130,Joshua,Johnston,M,2006-08-03,1972-08-09,Stazak
93787100514,LUK130,Kevin,Berry,M,2009-03-31,1982-05-09,Stazak
94695100515,LUK130,Isaac,MacDonald,M,2011-12-14,1976-04-30,Stazak
91044100516,LUK130,Brian,Dowd,M,2014-04-23,1966-12-27,Stazak
98003100517,LUK130,Lily,Duncan,K,2013-04-03,1992-12-29,Stazak
91133100518,LUK130,Sue,Johnston,K,2012-03-17,1985-06-05,Stazak
96223100519,LUK130,Heather,NAZWISKO71,K,2013-09-19,1997-12-23,Stazak
93582100520,LUK130,Joe,Lewis,M,2008-12-22,1968-12-05,Stazak
98531100521,LUK130,Jonathan,Harris,M,2007-07-17,1993-09-16,Stazak
98936100522,LUK130,Adam,Langdon,M,2006-01-25,1979-05-12,Stazak
96811100523,KPM131,Caroline,Hunter,K,2012-12-26,1997-02-05,Stazak
97819100524,KPM131,Vanessa,NAZWISKO96,K,2009-08-06,1997-10-10,Stazak
98160100525,KPM131,Lucas,Mitchell,M,2008-04-10,1992-11-10,Stazak
90779100526,KPM131,Joanne,Black,K,2013-09-20,1981-03-30,Stazak
92195100527,KPM131,Emily,NAZWISKO63,K,2014-02-24,1970-09-22,Stazak
94777100528,KPM131,Claire,NAZWISKO94,K,2015-11-03,2002-08-12,Stazak
91287100529,KPM131,Claire,Peters,K,2013-09-29,1979-08-17,Stazak
90314100530,KPM131,Ian,Hudson,M,2015-05-26,1966-10-02,Stazak
95975100531,KPM131,Oliver,Nolan,M,2014-10-15,1969-02-08,Stazak
99005100532,KPM131,Lily,Chapman,K,2010-10-05,1997-01-23,Stazak
97265100533,KPM131,Alison,Turner,K,2009-02-15,1975-06-23,Stazak
91437100534,MAZ132,Evan,Glover,M,2008-11-28,1992-01-08,Stazak
91818100535,MAZ132,Brandon,Rampling,M,2012-03-14,1975-07-11,Stazak
92752100536,MAZ132,Madeleine,Bell,K,2012-01-26,1972-12-26,Stazak
95062100537,MAZ132,Rachel,NAZWISKO36,K,2008-07-02,1999-07-23,Stazak
94777100538,MAZ132,Wendy,Welch,K,2015-06-01,1998-01-26,Stazak
92872100539,MAZ132,Oliver,Randall,M,2008-07-04,2000-10-27,Stazak
90079100540,MAZ132,Donna,Nolan,K,2013-10-01,1990-05-13,Stazak
98113100541,MAZ132,Carol,Morrison,K,2014-08-29,1991-10-01,Stazak
98083100542,MAZ132,Gordon,Gray,M,2008-03-06,1980-07-06,Stazak
98072100543,MAZ132,Tim,Fisher,M,2009-03-30,1993-03-10,Stazak
97750100544,MAZ133,Jonathan,Poole,M,2015-04-26,1993-01-23,Stazak
94415100545,MAZ133,Jake,Arnold,M,2007-02-18,1984-12-11,Stazak
91001100546,MAZ133,Angela,Knox,K,2011-10-22,1981-02-14,Stazak
95977100547,MAZ133,Liam,Piper,M,2008-02-06,1982-09-10,Stazak
99338100548,MAZ133,Steven,Pullman,M,2014-12-30,1992-09-10,Stazak
91109100549,MAZ133,Connor,NAZWISKO16,M,2006-12-03,1971-09-19,Stazak
95658100550,MAZ133,Lucas,Sutherland,M,2011-07-15,2001-08-26,Stazak
95349100551,MAZ133,Alexander,Dickens,M,2006-06-10,1984-08-25,Stazak
98201100552,MAZ133,Blake,Baker,M,2013-02-11,2001-07-14,Stazak
90210100553,MAZ133,Benjamin,Rees,M,2012-04-06,1967-08-26,Stazak
99861100554,MAZ133,Lucas,Burgess,M,2015-03-20,1972-03-13,Stazak
90497100555,MAZ133,Dorothy,Lee,K,2010-06-26,1979-06-26,Stazak
95159100556,OPO134,Maria,Nolan,K,2014-12-05,1990-12-09,Stazak
95723100557,OPO134,Megan,Abraham,K,2015-03-25,1982-11-25,Stazak
91489100558,OPO134,Faith,Miller,K,2010-09-30,2001-04-04,Stazak
96630100559,OPO134,Sebastian,Allan,M,2010-01-28,1967-08-26,Stazak
97389100560,OPO134,Emma,Rutherford,K,2013-05-13,1975-06-29,Stazak
91876100561,OPO134,Julian,Marshall,M,2015-12-05,1977-09-01,Stazak
94242100562,OPO134,Sophie,NAZWISKO72,K,2015-05-18,1999-07-16,Stazak
91960100563,OPO134,Madeleine,Dowd,K,2011-11-23,1998-07-21,Stazak
98135100564,OPO134,Nicholas,NAZWISKO69,M,2010-07-09,2000-04-14,Stazak
94809100565,OPO134,Felicity,Ince,K,2010-03-13,1994-11-04,Stazak
98010100566,OPO134,Anna,Lawrence,K,2008-12-11,1967-01-28,Stazak
97546100567,OPO134,Andrea,Scott,K,2014-09-04,1984-02-09,Stazak
91107100568,OPO134,Gordon,Tucker,M,2015-06-30,1988-11-21,Stazak
96982100569,OPO134,Carolyn,Rutherford,K,2013-01-10,1974-05-25,Stazak
96809100570,OPO134,Penelope,Smith,K,2007-01-26,1978-01-01,Stazak
97039100571,OPO134,Hannah,Peake,K,2014-05-15,1977-10-05,Stazak
96481100572,OPO134,Max,Morrison,M,2013-10-22,1988-10-25,Stazak
98773100573,OPO134,Irene,Harris,K,2007-08-02,1992-03-14,Stazak
96326100574,OPO134,Fiona,Fraser,K,2014-07-16,1990-02-22,Stazak
94234100575,OPO134,Claire,Cornish,K,2014-02-04,1966-10-25,Stazak
96058100576,OPO134,Nicholas,Jackson,M,2010-12-05,1993-02-09,Stazak
91844100577,OPO134,Jacob,Clark,M,2011-08-08,1999-07-19,Stazak
99385100578,OPO134,Simon,Hunter,M,2009-02-23,1981-08-31,Stazak
93395100579,OPO134,Carol,Turner,K,2006-12-03,1977-11-17,Stazak
90114100580,LOD135,Irene,Carr,K,2009-12-26,2001-11-02,Stazak
97219100581,LOD135,Nicholas,Forsyth,M,2014-04-23,1988-06-26,Stazak
97520100582,LOD135,Joan,Paige,K,2007-01-03,1980-06-12,Stazak
93521100583,LOD135,Dan,Hart,M,2014-12-12,1979-07-18,Stazak
97111100584,LOD135,Nathan,Pullman,M,2011-03-14,1984-07-12,Stazak
94520100585,LOD135,Samantha,North,K,2008-07-31,1986-04-12,Stazak
96970100586,LOD135,Harry,NAZWISKO84,M,2015-01-03,2002-12-30,Stazak
90749100587,LOD135,Sean,Hardacre,M,2010-02-21,1972-05-24,Stazak
91664100588,LOD135,Leonard,Manning,M,2012-09-22,1975-11-30,Stazak
98027100589,LOD135,Phil,Hughes,M,2013-09-15,1983-07-08,Stazak
98503100590,LOD135,Amy,Mitchell,K,2010-04-06,1979-10-23,Stazak
90661100591,LOD135,Piers,NAZWISKO48,M,2006-04-26,1967-10-10,Stazak
91946100592,LOD135,Dorothy,McGrath,K,2006-09-18,1971-06-29,Stazak
90801100593,LOD135,Penelope,NAZWISKO6,K,2015-01-15,1971-09-08,Stazak
92496100594,LOD135,Rebecca,Paterson,K,2009-09-18,2001-03-10,Stazak
96938100595,LOD135,Katherine,Buckland,K,2014-01-31,2002-03-02,Stazak
93211100596,LOD135,Maria,Thomson,K,2014-11-18,1993-12-25,Stazak
94391100597,LOD135,Anthony,Mitchell,M,2012-03-27,1969-02-13,Stazak
98144100598,LOD135,Andrew,McDonald,M,2011-06-10,1977-05-31,Stazak
97632100599,LOD135,Emma,NAZWISKO41,K,2012-07-08,1984-11-29,Stazak
97039100600,LOD135,Grace,Mathis,K,2013-07-30,1984-10-17,Stazak
95998100601,LUK136,Benjamin,Slater,M,2014-04-02,1983-04-07,Stazak
92839100602,LUK136,Jason,Chapman,M,2007-01-05,1995-03-11,Stazak
93769100603,LUK136,Sam,Vaughan,M,2014-07-19,1968-07-11,Stazak
93231100604,LUK136,Carl,Brown,M,2012-04-19,1979-05-18,Stazak
92546100605,LUK136,John,Rees,M,2012-10-02,1966-06-06,Stazak
91129100606,LUK136,Virginia,Carr,K,2015-05-25,1997-06-25,Stazak
94209100607,LUK136,Alan,Powell,M,2010-08-01,1991-09-19,Stazak
95143100608,LUK136,Dylan,Howard,M,2012-09-10,1970-03-26,Stazak
91541100609,LUK136,Joshua,Coleman,M,2007-11-19,1969-05-30,Stazak
91304100610,LUK136,Thomas,Hunter,M,2015-06-09,1992-12-04,Stazak
94756100611,LUK136,Amelia,Berry,K,2013-01-28,1976-02-24,Stazak
91542100612,LUK136,Jessica,McGrath,K,2014-10-09,1992-02-14,Stazak
91537100613,LUK136,Julia,Nolan,K,2013-02-25,1971-08-31,Stazak
94491100614,LUK136,Isaac,White,M,2013-06-27,1982-09-02,Stazak
90206100615,LUK136,Paul,Wilkins,M,2006-12-06,1992-01-07,Stazak
99274100616,KPM137,Alexander,Lyman,M,2014-11-23,2000-12-05,Stazak
98042100617,KPM137,Jack,MacLeod,M,2013-11-21,1969-04-18,Stazak
95618100618,KPM137,Amanda,Greene,K,2010-05-02,1984-11-01,Stazak
93420100619,KPM137,Elizabeth,Peake,K,2010-03-08,1982-08-08,Stazak
95172100620,KPM137,Stewart,Bailey,M,2007-09-06,1989-05-31,Stazak
95949100621,KPM137,Michael,Avery,M,2010-02-06,1966-08-16,Stazak
99301100622,KPM137,Bella,Burgess,K,2010-02-23,1989-01-30,Stazak
92935100623,KPM137,Dorothy,Randall,K,2007-08-23,1997-01-14,Stazak
94129100624,KPM137,Melanie,Paige,K,2013-11-08,1973-06-28,Stazak
97403100625,KPM137,Max,Terry,M,2013-01-14,2000-08-06,Stazak
96771100626,KPM137,Megan,NAZWISKO35,K,2013-05-13,2001-02-06,Stazak
93635100627,KPM137,Zoe,Ball,K,2006-10-06,1966-04-01,Stazak
94534100628,KPM137,Zoe,Knox,K,2014-12-15,1995-05-20,Stazak
92349100629,KPM137,Katherine,McLean,K,2008-04-08,1981-05-23,Stazak
95009100630,KPM137,Gabrielle,Fraser,K,2013-12-19,1969-03-17,Stazak
94352100631,KPM137,Sonia,Jackson,K,2013-09-30,1977-08-07,Stazak
94918100632,KPM137,Brian,NAZWISKO31,M,2008-06-14,1968-09-25,Stazak
91069100633,KPM137,Sam,Clark,M,2011-08-18,1977-10-15,Stazak
91916100634,KPM137,Nicholas,Berry,M,2010-02-24,1993-12-26,Stazak
90385100635,KPM137,Jake,King,M,2011-04-04,1985-10-08,Stazak
97471100636,KPM137,Megan,Fraser,K,2013-05-24,1968-09-05,Stazak
97894100637,LUK138,James,Parr,M,2014-04-16,1999-05-01,Stazak
97948100638,LUK138,Lisa,Bailey,K,2008-06-19,1997-07-22,Stazak
90302100639,LUK138,Piers,MacLeod,M,2008-12-14,1974-05-16,Stazak
90995100640,LUK138,William,Hughes,M,2010-07-23,1992-12-11,Stazak
94328100641,LUK138,Nicola,Hughes,K,2009-08-15,1968-06-20,Stazak
93586100642,LUK138,Jasmine,Payne,K,2010-11-10,1971-05-24,Stazak
96141100643,LUK138,Dan,Black,M,2008-08-01,1972-08-29,Stazak
95926100644,LUK138,Phil,Marshall,M,2010-02-06,2000-12-05,Stazak
91319100645,LUK138,Jessica,Oliver,K,2014-09-04,1979-02-15,Stazak
93681100646,LUK138,Gavin,Newman,M,2006-02-03,2002-10-01,Stazak
98868100647,LUK138,Caroline,Clarkson,K,2008-02-21,1967-12-09,Stazak
94459100648,LUK138,Melanie,NAZWISKO1,K,2011-07-21,1989-02-27,Stazak
95512100649,LUK138,Harry,NAZWISKO24,M,2011-08-24,1992-04-23,Stazak
93491100650,LUK138,Trevor,Lawrence,M,2012-12-02,1973-05-26,Stazak
91289100651,LUK138,Amy,Duncan,K,2014-03-01,2002-12-09,Stazak
93009100652,LUK138,Brandon,Taylor,M,2014-01-11,1980-12-17,Stazak
99963100653,LUK138,Evan,Hemmings,M,2011-05-29,2001-07-30,Stazak
90927100654,LUK138,Leonard,Davies,M,2006-08-02,1991-11-28,Stazak
95414100655,LUK138,Caroline,Duncan,K,2006-06-24,1968-07-14,Stazak
97526100656,LUK138,Diana,Dickens,K,2014-08-28,1996-05-23,Stazak
97410100657,LUK138,Stephanie,Walsh,K,2006-04-22,1980-04-15,Stazak
99398100658,LUK138,Carolyn,Vance,K,2014-01-08,1985-04-02,Stazak
97943100659,LUK138,Fiona,Walker,K,2012-03-17,1968-01-25,Stazak
96874100660,LUB139,Leonard,NAZWISKO80,M,2015-06-30,1975-02-23,Stazak
91475100661,LUB139,Lillian,Walker,K,2007-06-08,1982-03-13,Stazak
96018100662,LUB139,Dominic,Murray,M,2012-11-01,1967-11-06,Stazak
92465100663,LUB139,Dan,McLean,M,2013-10-03,1967-06-09,Stazak
95230100664,LUB139,Gavin,MacDonald,M,2012-08-26,1978-06-30,Stazak
91905100665,LUB139,Elizabeth,Ogden,K,2006-11-09,1973-03-10,Stazak
92836100666,LUB139,Jessica,White,K,2013-08-15,1988-01-31,Stazak
96459100667,LUB139,Peter,Mills,M,2010-09-27,1991-06-10,Stazak
96422100668,LUB139,Harry,McLean,M,2015-08-31,1991-11-23,Stazak
95896100669,LUB139,Ian,Fisher,M,2010-08-12,1974-09-17,Stazak
98024100670,LUB139,Vanessa,Morrison,K,2007-07-23,1972-11-20,Stazak
97762100671,LUB139,Ryan,Dickens,M,2014-03-06,1991-07-16,Stazak
93017100672,LUB139,Dorothy,Mitchell,K,2007-10-02,1975-08-11,Stazak
96442100673,LUB139,Sam,Underwood,M,2008-02-01,1980-04-09,Stazak
92041100674,LUB139,Emily,Grant,K,2010-04-05,1995-06-04,Stazak
90938100675,LUB139,Justin,Welch,M,2010-06-17,1997-06-22,Stazak
93189100676,LUB139,Fiona,Black,K,2014-09-13,1994-06-10,Stazak
98530100677,LUB139,Rachel,McDonald,K,2006-02-25,1967-11-05,Stazak
98266100678,KPM140,Rachel,Hodges,K,2010-08-18,1992-07-19,Stazak
98800100679,KPM140,Penelope,Clark,K,2009-03-11,1973-04-08,Stazak
97482100680,KPM140,Julian,White,M,2010-02-16,1999-05-14,Stazak
92016100681,KPM140,Carolyn,Buckland,K,2006-08-30,1985-11-01,Stazak
93211100682,KPM140,Jonathan,Smith,M,2011-11-16,1976-01-14,Stazak
99134100683,KPM140,Karen,Mills,K,2012-12-11,1967-03-16,Stazak
91383100684,KPM140,Phil,Smith,M,2007-07-23,1968-02-15,Stazak
95923100685,KPM140,Sebastian,Dyer,M,2008-02-07,1992-07-16,Stazak
92721100686,KPM140,Amelia,Poole,K,2015-06-04,1998-07-05,Stazak
91872100687,KPM140,Austin,Smith,M,2010-02-19,1993-12-30,Stazak
92870100688,KPM140,Brandon,Clark,M,2008-11-26,1979-12-09,Stazak
93867100689,KPM140,Evan,King,M,2006-12-24,2002-02-22,Stazak
93321100690,KPM140,David,Sharp,M,2013-12-30,1975-12-24,Stazak
98522100691,KPM140,Chloe,Watson,K,2006-08-22,1989-03-07,Stazak
96010100692,KPM140,Ella,Dyer,K,2008-01-27,1997-10-30,Stazak
98009100693,KPM140,Matt,Gray,M,2010-11-11,1989-08-20,Stazak
91298100694,KPM140,Una,Peters,K,2011-02-05,1976-05-09,Stazak
96561100695,KPM140,Brandon,Parr,M,2011-10-16,1991-03-22,Stazak
92424100696,KPM140,Peter,Brown,M,2014-06-30,1974-04-08,Stazak
98659100697,KPM140,Paul,Young,M,2008-07-26,1977-05-16,Stazak
96909100698,KPM140,William,Burgess,M,2010-01-31,1995-10-20,Stazak
93309100699,KPM140,Jessica,Lambert,K,2012-03-15,1967-02-24,Stazak
95928100700,LUK141,Donna,Greene,K,2006-10-29,1990-05-16,Stazak
97739100701,LUK141,Carolyn,Lyman,K,2010-10-16,1986-07-26,Stazak
94504100702,LUK141,Victor,Parsons,M,2015-05-19,1991-01-20,Stazak
99530100703,LUK141,David,Poole,M,2010-09-16,1972-02-02,Stazak
98957100704,LUK141,Alison,NAZWISKO92,K,2009-12-18,1989-08-29,Stazak
96039100705,LUK141,Anthony,Manning,M,2009-08-07,1999-06-16,Stazak
92992100706,LUK141,Jessica,Coleman,K,2008-03-16,1980-03-15,Stazak
91632100707,LUK141,Sue,Brown,K,2011-01-25,1977-07-09,Stazak
96783100708,LUK141,Joseph,Thomson,M,2007-05-09,1994-10-25,Stazak
97409100709,LUK141,Olivia,Metcalfe,K,2011-07-29,1998-04-16,Stazak
93151100710,LUK141,Alison,Grant,K,2013-08-14,1966-06-28,Stazak
92548100711,LUK141,Harry,Lawrence,M,2008-10-13,1975-07-25,Stazak
92276100712,LUK141,Sarah,Mackay,K,2006-06-04,1997-06-21,Stazak
97084100713,LUK141,Anna,NAZWISKO26,K,2013-12-28,1973-08-06,Stazak
90268100714,LUK141,Joan,Glover,K,2012-11-17,1967-12-13,Stazak
94010100715,LUK141,Maria,Bower,K,2010-03-30,1970-12-26,Stazak
94480100716,LUK141,Gabrielle,Vance,K,2006-01-20,1984-11-17,Stazak
95327100717,LUK141,Lauren,Young,K,2010-09-21,1990-12-11,Stazak
98601100718,LUK141,Bernadette,Bell,K,2015-11-07,1969-03-20,Stazak
93722100719,LUK141,Rebecca,Mitchell,K,2013-08-05,1990-01-09,Stazak
92578100720,LUK141,Leah,Stewart,K,2015-05-17,1993-10-24,Stazak
95546100721,LUK141,Victor,Simpson,M,2006-12-31,1996-04-26,Stazak
96216100722,MAZ142,Sarah,Lee,K,2014-08-29,1966-07-28,Stazak
97080100723,MAZ142,Jonathan,Wright,M,2010-03-14,1996-02-24,Stazak
99776100724,MAZ142,Leonard,Randall,M,2011-02-19,1993-07-05,Stazak
97474100725,MAZ142,Jacob,NAZWISKO73,M,2010-04-23,1967-06-01,Stazak
93302100726,MAZ142,Lisa,Lyman,K,2014-05-31,1990-11-13,Stazak
92217100727,MAZ142,Colin,Sutherland,M,2007-06-19,1972-12-18,Stazak
96789100728,MAZ142,Penelope,Springer,K,2011-11-27,1990-04-04,Stazak
92979100729,MAZ142,Angela,Butler,K,2010-11-04,1990-05-23,Stazak
95316100730,MAZ142,Yvonne,MacLeod,K,2014-01-09,1971-11-30,Stazak
95473100731,MAZ142,Tim,Lyman,M,2007-05-15,1988-12-08,Stazak
99913100732,MAZ142,Faith,Dyer,K,2014-04-05,1991-05-25,Stazak
96412100733,LUK143,Piers,Lyman,M,2007-03-24,1976-06-24,Stazak
96024100734,LUK143,Victor,Stewart,M,2013-06-01,2002-05-01,Stazak
94526100735,LUK143,Neil,Forsyth,M,2007-04-24,1973-11-12,Stazak
98058100736,LUK143,Leonard,Lee,M,2014-08-09,1996-04-07,Stazak
93062100737,LUK143,Amanda,NAZWISKO83,K,2006-04-20,1982-07-06,Stazak
94499100738,LUK143,Gabrielle,Alsop,K,2008-07-26,1982-03-03,Stazak
92563100739,LUK143,Leah,Springer,K,2008-02-05,1985-08-04,Stazak
96754100740,LUK143,Kylie,North,K,2015-10-02,1991-02-21,Stazak
91030100741,LUK143,Andrew,Mitchell,M,2015-03-21,1990-11-16,Stazak
97906100742,LUK143,Irene,Knox,K,2007-06-14,1977-12-03,Stazak
96099100743,LUK143,Kevin,Sanderson,M,2014-12-06,1976-06-24,Stazak
95881100744,LUK143,Julia,Avery,K,2006-11-01,1978-06-21,Stazak
93663100745,LUK143,Donna,Murray,K,2006-02-21,1974-05-02,Stazak
93214100746,LUK143,Neil,Piper,M,2007-10-14,1993-04-01,Stazak
95640100747,LUK143,Nathan,Rampling,M,2014-09-22,1996-08-26,Stazak
91217100748,LUK143,Deirdre,Avery,K,2009-05-08,1968-08-25,Stazak
98724100749,LUK143,Emily,Chapman,K,2011-05-11,1988-11-10,Stazak
90042100750,LUK143,Harry,NAZWISKO4,M,2009-03-03,1981-01-24,Stazak
98499100751,LUK143,Charles,Carr,M,2010-05-29,1988-12-10,Stazak
90594100752,LUK143,Sean,Rampling,M,2015-07-17,1967-03-25,Stazak
90535100753,LUK143,Thomas,Burgess,M,2010-01-19,2000-03-02,Stazak
91678100754,LOD144,Anthony,Smith,M,2007-03-13,1982-09-23,Stazak
90703100755,LOD144,Claire,Jackson,K,2015-07-16,1989-07-04,Stazak
98782100756,LOD144,Melanie,Buckland,K,2013-02-03,1990-11-14,Stazak
91117100757,LOD144,Dominic,Edmunds,M,2014-07-17,2001-12-19,Stazak
97623100758,LOD144,Adam,Greene,M,2006-01-24,1972-08-12,Stazak
93870100759,LOD144,Sarah,Burgess,K,2013-10-31,1988-12-16,Stazak
96463100760,LOD144,Piers,Johnston,M,2014-07-29,1981-11-20,Stazak
93278100761,LOD144,Hannah,Dowd,K,2015-04-12,1981-07-07,Stazak
97973100762,LOD144,Jacob,McGrath,M,2015-07-20,1983-10-24,Stazak
95100100763,LOD144,Felicity,Bower,K,2010-10-11,1983-09-10,Stazak
90577100764,LOD144,Julian,Davidson,M,2008-06-20,1969-09-17,Stazak
99846100765,LOD144,Adam,Hodges,M,2015-01-05,1990-11-27,Stazak
99384100766,LOD144,Andrew,Knox,M,2008-08-22,2002-11-14,Stazak
97143100767,OPO145,Piers,Cameron,M,2011-05-11,1977-11-04,Stazak
96666100768,OPO145,Evan,NAZWISKO95,M,2009-11-17,1990-06-17,Stazak
93581100769,OPO145,Jacob,Turner,M,2011-04-16,1989-06-18,Stazak
97727100770,OPO145,Sophie,NAZWISKO61,K,2014-02-23,1966-11-18,Stazak
96361100771,OPO145,Lisa,Abraham,K,2014-01-07,2002-03-30,Stazak
96396100772,OPO145,Keith,Payne,M,2009-08-13,1987-06-24,Stazak
98265100773,OPO145,Megan,NAZWISKO75,K,2011-05-11,1995-09-10,Stazak
91908100774,OPO145,Stephen,Walker,M,2010-05-31,2000-06-01,Stazak
96331100775,OPO145,Lucas,NAZWISKO60,M,2010-02-10,1973-09-02,Stazak
94884100776,OPO145,Nicholas,Marshall,M,2007-06-15,1989-10-19,Stazak
99964100777,OPO145,Christopher,Butler,M,2013-06-27,1993-12-23,Stazak
93639100778,OPO145,Matt,Buckland,M,2007-08-19,1978-04-21,Stazak
98525100779,OPO145,David,Baker,M,2012-04-20,1973-03-18,Stazak
99242100780,OPO145,Melanie,Taylor,K,2008-10-14,1966-09-09,Stazak
97245100781,OPO145,Grace,NAZWISKO89,K,2009-06-12,2001-04-21,Stazak
95830100782,OPO145,Charles,Campbell,M,2013-04-11,1980-10-25,Stazak
96551100783,OPO145,Maria,Walker,K,2013-08-04,1966-01-16,Stazak
94270100784,OPO145,Hannah,Davies,K,2010-11-06,1982-07-26,Stazak
97161100785,OPO145,Alexandra,Roberts,K,2007-10-08,1973-09-14,Stazak
94613100786,OPO145,Phil,Oliver,M,2012-12-23,1967-05-07,Stazak
93642100787,OPO145,Sue,Wright,K,2006-11-19,1995-06-30,Stazak
98253100788,OPO145,Michael,Walsh,M,2007-08-27,1967-01-23,Stazak
91554100789,OPO145,Penelope,Hart,K,2011-09-21,1968-05-07,Stazak
90751100790,LUB146,Abigail,Marshall,K,2008-09-13,1979-02-26,Stazak
93325100791,LUB146,Steven,Jackson,M,2012-01-14,1969-09-14,Stazak
99243100792,LUB146,Abigail,Hughes,K,2015-01-29,1994-10-13,Stazak
95012100793,LUB146,Owen,Coleman,M,2010-02-21,1981-07-28,Stazak
98451100794,LUB146,Sue,Knox,K,2009-01-27,1975-11-12,Stazak
99811100795,LUB146,Piers,Ross,M,2010-04-15,1990-05-21,Stazak
97312100796,LUB146,Sam,Sanderson,M,2006-06-29,2002-04-07,Stazak
98787100797,LUB146,Pippa,Morrison,K,2013-05-14,1973-07-10,Stazak
97341100798,LUB146,Jessica,North,K,2008-08-18,1980-04-10,Stazak
95964100799,LUB146,Paul,Rees,M,2007-01-18,1982-11-02,Stazak
96351100800,LUB146,Evan,Metcalfe,M,2010-08-26,1967-02-24,Stazak
98932100801,LUB146,Isaac,Newman,M,2011-02-19,1967-02-06,Stazak
99915100802,LUB146,Fiona,Gibson,K,2014-01-22,1991-09-29,Stazak
90630100803,LUB146,Brandon,Langdon,M,2012-10-10,1986-02-01,Stazak
92066100804,LUB146,Leonard,Simpson,M,2008-01-09,1999-06-22,Stazak
99387100805,LUB146,Sam,Knox,M,2010-08-27,1976-12-02,Stazak
99397100806,LUB146,John,Forsyth,M,2013-08-08,1979-03-30,Stazak
96633100807,MAZ147,Caroline,Wilson,K,2014-09-01,1977-11-25,Stazak
93277100808,MAZ147,Julian,Anderson,M,2014-05-04,1991-01-23,Stazak
90855100809,MAZ147,William,Payne,M,2013-03-18,1976-11-19,Stazak
94611100810,MAZ147,Keith,Underwood,M,2006-10-15,1996-01-18,Stazak
99167100811,MAZ147,Alexandra,Powell,K,2006-06-23,1991-10-03,Stazak
96752100812,MAZ147,Benjamin,Fisher,M,2015-03-15,1981-09-18,Stazak
98649100813,MAZ147,Cameron,Smith,M,2012-09-01,1983-09-14,Stazak
97823100814,MAZ147,Natalie,Nolan,K,2011-12-20,1993-03-02,Stazak
98662100815,MAZ147,Sophie,Baker,K,2014-01-08,1987-07-14,Stazak
96003100816,MAZ147,Bella,Greene,K,2015-03-30,1980-03-16,Stazak
99901100817,MAZ147,Sue,Lyman,K,2015-12-06,1993-01-13,Stazak
99340100818,MAZ147,Jane,King,K,2012-03-18,1982-08-23,Stazak
90930100819,MAZ147,Phil,May,M,2012-12-03,1995-07-15,Stazak
96264100820,MAZ147,James,Peake,M,2007-09-10,1988-05-24,Stazak
94850100821,MAZ147,Kylie,Howard,K,2011-11-05,1991-03-21,Stazak
94379100822,MAZ147,Christian,Reid,M,2009-08-22,1974-11-09,Stazak
93539100823,MAZ147,Stephanie,Duncan,K,2013-02-10,2001-07-07,Stazak
96076100824,MAZ147,Emma,Roberts,K,2008-01-03,1970-07-07,Stazak
97508100825,MAZ147,Tracey,Parsons,K,2015-03-01,2002-04-17,Stazak
90146100826,MAZ147,Elizabeth,Bond,K,2011-08-25,1981-09-07,Stazak
91980100827,MAZ147,Jack,Springer,M,2011-07-28,1986-08-18,Stazak
95793100828,MAL148,Jacob,Rampling,M,2013-08-07,1985-01-20,Stazak
98936100829,MAL148,Frank,Quinn,M,2015-02-17,1976-10-11,Stazak
95350100830,MAL148,Joseph,Forsyth,M,2015-10-08,1977-03-29,Stazak
92494100831,MAL148,Cameron,Cameron,M,2011-07-26,1986-03-14,Stazak
91438100832,MAL148,Brian,Mills,M,2008-06-24,1987-05-30,Stazak
95846100833,MAL148,Phil,Greene,M,2013-02-25,1971-10-30,Stazak
98945100834,MAL148,Anthony,Davidson,M,2013-02-02,1996-07-19,Stazak
94228100835,MAL148,Austin,Rees,M,2010-10-06,1966-04-21,Stazak
94765100836,MAL148,Nathan,NAZWISKO87,M,2007-06-24,1979-07-21,Stazak
91027100837,MAL148,Audrey,NAZWISKO37,K,2010-08-15,1970-08-04,Stazak
96883100838,MAL148,Sophie,Sharp,K,2009-10-02,1983-04-01,Stazak
95073100839,MAL148,Jonathan,Wilson,M,2013-08-06,1977-08-26,Stazak
96168100840,MAL148,Jonathan,Skinner,M,2007-04-09,1977-10-24,Stazak
95391100841,MAL148,Nathan,Grant,M,2012-01-05,1994-09-20,Stazak
91062100842,MAL148,Nicola,Hughes,K,2014-04-12,1986-06-06,Stazak
96464100843,MAL148,Joshua,Howard,M,2015-08-07,1977-09-21,Stazak
98647100844,MAL148,Irene,Wilkins,K,2015-01-07,1976-07-08,Stazak
96476100845,LOD149,Tracey,Langdon,K,2011-04-09,1985-04-25,Stazak
94358100846,LOD149,Oliver,Simpson,M,2006-08-18,1988-09-08,Stazak
95739100847,LOD149,Amelia,MacLeod,K,2014-04-24,1988-08-05,Stazak
95575100848,LOD149,Tracey,Buckland,K,2006-04-30,1974-02-18,Stazak
96768100849,LOD149,Lily,Sanderson,K,2014-02-22,1995-04-07,Stazak
95151100850,LOD149,Christopher,Gray,M,2014-01-04,2001-10-19,Stazak
95040100851,LOD149,Owen,Welch,M,2013-06-21,1987-11-15,Stazak
93129100852,LOD149,Irene,Langdon,K,2014-09-25,1984-04-26,Stazak
92787100853,LOD149,Keith,Kelly,M,2008-01-16,1977-09-25,Stazak
93802100854,LOD149,Molly,Gray,K,2006-12-25,1983-08-21,Stazak
93834100855,LOD149,Leonard,Gibson,M,2006-07-17,1990-11-15,Stazak
96810100856,LOD149,Victoria,Terry,K,2010-09-21,1977-11-14,Stazak
94311100857,LOD149,Joan,Ince,K,2014-04-29,1982-05-04,Stazak
97114100858,LOD149,Amelia,Howard,K,2007-05-23,1979-05-17,Stazak
92714100859,LOD149,Isaac,Harris,M,2013-08-31,1971-05-24,Stazak
94589100860,LOD149,Kimberly,Stewart,K,2012-05-20,1991-11-06,Stazak
93150100861,LOD149,Victoria,Abraham,K,2015-08-25,1997-10-29,Stazak
91223100862,MAZ150,Liam,Howard,M,2012-08-13,1969-03-07,Stazak
99433100863,MAZ150,Tim,Dickens,M,2008-06-23,1980-04-25,Stazak
90977100864,MAZ150,Joseph,Cameron,M,2011-03-14,1979-11-08,Stazak
90735100865,MAZ150,Donna,Vance,K,2014-10-18,1986-05-26,Stazak
91832100866,MAZ150,Deirdre,Metcalfe,K,2010-11-17,1991-04-18,Stazak
99358100867,MAZ150,Jasmine,Butler,K,2006-11-25,1996-12-02,Stazak
92664100868,MAZ150,Harry,Parsons,M,2012-05-06,1967-05-12,Stazak
99691100869,MAZ150,Blake,Butler,M,2014-11-21,2000-02-12,Stazak
90851100870,MAZ150,Victor,Peters,M,2010-07-11,1976-10-22,Stazak
96383100871,MAZ150,James,James,M,2012-09-21,2001-01-10,Stazak
97341100872,MAZ150,Lillian,Sharp,K,2015-08-09,1990-05-10,Stazak
93232100873,MAZ150,Lauren,Blake,K,2014-03-31,1981-12-02,Stazak
97818100874,MAZ150,Bernadette,Burgess,K,2009-05-04,1968-05-15,Stazak
98712100875,MAZ150,Jake,Slater,M,2008-05-23,1993-08-25,Stazak
91771100876,MAZ150,Kylie,Parsons,K,2009-07-04,1995-03-09,Stazak
99375100877,MAZ150,Deirdre,Ross,K,2009-05-08,1966-12-02,Stazak
97534100878,MAZ150,Adrian,Jones,M,2010-02-01,1995-07-12,Stazak
92104100879,MAZ150,Warren,Pullman,M,2011-08-16,1993-05-07,Stazak
91780100880,MAZ150,Lisa,Abraham,K,2013-11-08,1967-05-19,Stazak
92976100881,MAZ150,Christian,Fisher,M,2006-07-14,1977-05-16,Stazak
97336100882,MAZ150,Katherine,Hill,K,2015-08-14,1983-01-21,Stazak
96120100883,MAZ150,Blake,Bell,M,2014-07-10,1989-10-31,Stazak
98134100884,MAZ150,Austin,Hudson,M,2014-07-16,1995-05-15,Stazak
97593100885,MAZ150,Cameron,Chapman,M,2011-10-21,1986-10-26,Stazak
97493100886,MAZ150,Jasmine,Lyman,K,2014-04-01,1983-11-18,Stazak
98593100887,DSK151,Anthony,Mackenzie,M,2010-06-17,1977-09-14,Stazak
94145100888,DSK151,Una,Springer,K,2006-08-30,1983-10-10,Stazak
93303100889,DSK151,Lisa,Manning,K,2009-04-05,1970-12-06,Stazak
98330100890,DSK151,Anthony,Rees,M,2010-01-02,1972-01-08,Stazak
99161100891,DSK151,Brian,Walker,M,2009-11-02,1974-04-27,Stazak
98264100892,DSK151,Sean,Jackson,M,2006-08-04,2002-12-18,Stazak
95159100893,DSK151,Frank,Abraham,M,2011-12-09,1979-12-29,Stazak
93165100894,DSK151,Stewart,Brown,M,2006-02-04,1985-06-28,Stazak
96709100895,DSK151,Leah,Ferguson,K,2013-04-21,1975-09-22,Stazak
94644100896,DSK151,Nicholas,Hunter,M,2008-05-12,1966-12-18,Stazak
91070100897,DSK151,Anna,Young,K,2008-09-09,1977-02-12,Stazak
94399100898,DSK151,Eric,Carr,M,2013-01-21,1996-07-16,Stazak
97794100899,DSK151,Bernadette,Butler,K,2012-04-30,1971-01-05,Stazak
97963100900,DSK151,Connor,Allan,M,2006-01-16,1991-09-10,Stazak
94988100901,DSK151,Adrian,Hart,M,2010-02-07,1987-07-13,Stazak
94984100902,DSK151,Connor,Mackay,M,2012-04-02,1967-08-06,Stazak
93234100903,OPO152,Bella,NAZWISKO78,K,2006-08-30,1969-09-17,Stazak
92603100904,OPO152,Luke,Mitchell,M,2006-11-27,1985-01-21,Stazak
90696100905,OPO152,Luke,Cameron,M,2011-04-08,1971-01-26,Stazak
99779100906,OPO152,Trevor,Berry,M,2013-08-04,1999-03-31,Stazak
91253100907,OPO152,Carol,Tucker,K,2012-10-22,1991-09-09,Stazak
92653100908,OPO152,Boris,Wright,M,2013-09-07,2001-12-15,Stazak
93953100909,OPO152,Ella,Kerr,K,2012-01-17,1969-02-22,Stazak
99909100910,OPO152,Peter,Mackenzie,M,2010-05-07,1989-12-08,Stazak
94409100911,OPO152,Grace,Smith,K,2010-06-29,1974-12-19,Stazak
94901100912,OPO152,Bella,Peake,K,2009-12-24,1985-04-15,Stazak
95520100913,OPO152,Ava,Vaughan,K,2007-09-16,1973-01-24,Stazak
96429100914,LUB153,Melanie,Coleman,K,2009-09-07,1983-05-10,Stazak
96608100915,LUB153,Carolyn,Stewart,K,2013-11-07,1972-12-11,Stazak
91178100916,LUB153,Leah,Thomson,K,2010-11-01,1969-11-19,Stazak
93919100917,LUB153,Caroline,Anderson,K,2011-09-01,1995-10-12,Stazak
94802100918,LUB153,Tracey,Mackay,K,2013-06-01,1984-05-03,Stazak
97262100919,LUB153,Alexander,Berry,M,2011-12-01,1971-05-01,Stazak
96421100920,LUB153,Dominic,Davies,M,2012-06-16,1985-02-04,Stazak
91333100921,LUB153,Warren,Dickens,M,2014-03-25,1987-06-19,Stazak
95583100922,LUB153,Jacob,Murray,M,2013-08-31,1986-11-14,Stazak
93592100923,LUB153,Lucas,NAZWISKO14,M,2014-11-21,1979-01-05,Stazak
92128100924,LUB153,Adam,Tucker,M,2009-03-03,1976-04-13,Stazak
98151100925,LUB153,Vanessa,Walsh,K,2011-05-08,1990-12-29,Stazak
96777100926,LUB153,Dan,Henderson,M,2014-06-17,1968-08-06,Stazak
97823100927,LUB153,Brandon,Quinn,M,2006-02-20,1989-04-28,Stazak
97847100928,LUB153,Warren,Cameron,M,2015-11-30,1988-09-21,Stazak
90838100929,LUB153,Stephen,Knox,M,2011-02-25,1968-05-28,Stazak
90527100930,LUB153,Joe,Reid,M,2012-04-06,1968-02-14,Stazak
92061100931,LUB153,Katherine,Mackenzie,K,2015-09-23,1998-08-09,Stazak
98228100932,LOD154,Warren,Arnold,M,2009-07-17,1975-04-19,Stazak
98569100933,LOD154,Maria,Sanderson,K,2014-07-23,1997-10-20,Stazak
95503100934,LOD154,Ian,Short,M,2007-05-17,1971-05-29,Stazak
97292100935,LOD154,Oliver,Brown,M,2010-04-16,1966-06-26,Stazak
92246100936,LOD154,Angela,Bell,K,2009-12-07,1967-01-05,Stazak
94174100937,LOD154,Theresa,Gill,K,2010-12-22,1990-06-19,Stazak
96391100938,LOD154,Stewart,Arnold,M,2015-03-23,1978-03-10,Stazak
97237100939,LOD154,Cameron,Edmunds,M,2014-12-09,1999-11-01,Stazak
93044100940,LOD154,Justin,Blake,M,2009-10-23,1971-11-25,Stazak
97553100941,LOD154,Maria,Welch,K,2006-01-28,1977-08-04,Stazak
97821100942,LOD154,Sophie,Langdon,K,2012-10-01,1985-04-04,Stazak
92846100943,LOD154,Dylan,Dowd,M,2014-08-19,1981-03-16,Stazak
96593100944,LOD154,Donna,Vance,K,2013-02-11,1972-02-23,Stazak
99801100945,LOD154,Fiona,Ellison,K,2013-11-04,1993-06-25,Stazak
92207100946,LOD154,Benjamin,Glover,M,2013-10-15,1966-04-19,Stazak
94160100947,LOD154,Lily,Thomson,K,2014-05-23,1981-06-01,Stazak
99283100948,LOD154,Piers,Gibson,M,2008-07-31,1997-02-05,Stazak
99107100949,LOD154,Steven,Burgess,M,2006-07-15,1977-02-04,Stazak
99566100950,MAZ155,Gabrielle,Paterson,K,2008-01-24,1986-04-14,Stazak
98991100951,MAZ155,Simon,Dickens,M,2009-11-12,1982-04-21,Stazak
98313100952,MAZ155,Sarah,Carr,K,2010-03-14,1966-07-24,Stazak
95087100953,MAZ155,Jessica,Lawrence,K,2009-10-13,1981-11-04,Stazak
91111100954,MAZ155,Caroline,Oliver,K,2011-08-10,1975-05-03,Stazak
96773100955,MAZ155,Samantha,Dickens,K,2010-06-12,1971-08-18,Stazak
90667100956,MAZ155,Molly,Rutherford,K,2006-07-28,1969-06-30,Stazak
91926100957,MAZ155,Ella,Roberts,K,2007-03-12,1978-04-16,Stazak
96081100958,MAZ155,Phil,Ince,M,2014-08-10,1991-06-14,Stazak
99037100959,MAZ155,Carol,Bower,K,2015-12-15,1978-06-21,Stazak
99039100960,MAZ155,Thomas,MacDonald,M,2014-12-28,1971-05-11,Stazak
96384100961,MAZ155,Richard,Wilson,M,2008-02-23,1973-05-12,Stazak
93780100962,MAZ155,Lucas,Greene,M,2015-05-03,2002-01-17,Stazak
93902100963,MAZ155,Luke,Turner,M,2012-05-29,2001-12-16,Stazak
99700100964,MAZ155,Alexander,NAZWISKO59,M,2007-08-01,2001-03-06,Stazak
95614100965,MAZ155,Rachel,Chapman,K,2008-06-02,1969-02-05,Stazak
97076100966,MAZ155,Sally,Langdon,K,2008-03-26,1993-10-08,Stazak
92364100967,MAZ155,Amy,Pullman,K,2006-03-17,1972-01-10,Stazak
98246100968,MAZ155,Maria,Clark,K,2008-03-27,1974-12-08,Stazak
91779100969,MAZ155,Molly,Gibson,K,2009-01-15,2001-02-16,Stazak
93679100970,LUK156,Yvonne,MacLeod,K,2013-03-20,2000-06-19,Stazak
94087100971,LUK156,Julian,Robertson,M,2006-03-24,1991-11-17,Stazak
99630100972,LUK156,Alexandra,Hunter,K,2011-10-04,1997-09-06,Stazak
95833100973,LUK156,Heather,Langdon,K,2008-08-20,1985-03-08,Stazak
95737100974,LUK156,Carol,NAZWISKO81,K,2015-02-12,1970-01-10,Stazak
92650100975,LUK156,Paul,NAZWISKO19,M,2015-12-11,1999-06-14,Stazak
95902100976,LUK156,Thomas,Sharp,M,2014-07-05,1973-07-04,Stazak
93500100977,LUK156,Brian,Wallace,M,2010-02-08,1995-07-20,Stazak
96699100978,LUK156,Tim,Dowd,M,2008-02-03,1984-06-06,Stazak
93875100979,LUK156,Victor,Tucker,M,2007-11-10,1969-12-02,Stazak
96019100980,LUK156,Penelope,Kerr,K,2006-05-11,1988-03-10,Stazak
91687100981,LUK156,Connor,Marshall,M,2010-08-11,1984-08-22,Stazak
98959100982,LUK156,Alan,Gibson,M,2013-04-23,1997-11-21,Stazak
93746100983,LUK156,Trevor,Lyman,M,2008-10-24,1996-04-12,Stazak
95819100984,LUK156,Ruth,Springer,K,2012-06-12,1989-12-03,Stazak
95846100985,LUK156,Adam,Payne,M,2009-08-01,1978-12-26,Stazak
94823100986,LUK156,Max,Blake,M,2012-05-07,1968-04-10,Stazak
98024100987,OPO157,Amanda,Reid,K,2006-09-30,1984-10-28,Stazak
97812100988,OPO157,Jonathan,Gibson,M,2014-11-21,1976-11-11,Stazak
92472100989,OPO157,Brian,Dyer,M,2009-04-22,2002-09-16,Stazak
98646100990,OPO157,Yvonne,Roberts,K,2009-12-18,1967-04-16,Stazak
90694100991,OPO157,Yvonne,Newman,K,2006-07-28,1986-03-11,Stazak
93823100992,OPO157,Virginia,Simpson,K,2011-06-17,1975-12-24,Stazak
99768100993,OPO157,Sam,Young,M,2007-01-03,1998-11-18,Stazak
99652100994,OPO157,Sally,Bower,K,2006-07-18,1994-09-11,Stazak
97881100995,OPO157,Simon,NAZWISKO25,M,2013-01-10,1993-05-26,Stazak
97633100996,OPO157,Gordon,Clark,M,2011-02-03,1967-10-02,Stazak
95987100997,OPO157,Jan,Howard,K,2014-09-24,1982-09-20,Stazak
95144100998,OPO157,Jennifer,Sharp,K,2006-04-15,1988-01-07,Stazak
94330100999,OPO157,Sally,Vance,K,2009-01-09,1997-09-22,Stazak
93429101000,OPO157,Carl,Robertson,M,2006-03-30,1991-07-14,Stazak
98535101001,OPO157,Nicola,Clark,K,2013-04-12,1997-02-20,Stazak
99205101002,LOD158,Tracey,Ball,K,2014-08-23,1966-03-05,Stazak
99500101003,LOD158,Lisa,Hodges,K,2013-02-27,1999-10-04,Stazak
94547101004,LOD158,Heather,Langdon,K,2009-02-16,1966-09-29,Stazak
97057101005,LOD158,Neil,Wilkins,M,2015-08-15,1981-02-25,Stazak
97875101006,LOD158,Sean,Mills,M,2009-11-28,1987-04-06,Stazak
91872101007,LOD158,Jake,Taylor,M,2014-12-25,1976-02-04,Stazak
98342101008,LOD158,Lillian,King,K,2011-12-08,1999-02-18,Stazak
99877101009,LOD158,Angela,Hodges,K,2015-10-12,1983-10-11,Stazak
93278101010,LOD158,Natalie,Gibson,K,2008-06-24,2002-01-08,Stazak
99754101011,LOD158,Leonard,Metcalfe,M,2007-12-24,1980-09-17,Stazak
96770101012,LOD158,Faith,Pullman,K,2011-01-27,2001-10-09,Stazak
95680101013,OPO159,Hannah,Davidson,K,2015-11-20,2001-12-08,Stazak
91936101014,OPO159,Owen,Coleman,M,2008-08-26,2000-06-16,Stazak
94599101015,OPO159,Ryan,Ellison,M,2008-08-23,1996-07-10,Stazak
98917101016,OPO159,Alan,Forsyth,M,2015-06-15,1982-04-10,Stazak
99077101017,OPO159,Eric,Davidson,M,2014-07-19,1997-05-06,Stazak
97899101018,OPO159,Jonathan,Young,M,2012-09-12,1966-11-15,Stazak
91579101019,OPO159,Trevor,Reid,M,2007-07-05,1968-10-27,Stazak
90159101020,OPO159,Caroline,Baker,K,2007-05-08,1970-02-19,Stazak
93913101021,OPO159,Warren,Dowd,M,2013-09-17,1970-01-05,Stazak
98070101022,OPO159,Joseph,Powell,M,2015-04-16,1978-06-26,Stazak
94689101023,OPO159,Joseph,Grant,M,2012-02-12,1972-02-24,Stazak
93419101024,OPO159,Kylie,King,K,2007-09-07,1979-05-17,Stazak
90343101025,OPO159,Dan,NAZWISKO77,M,2015-01-22,1966-03-16,Stazak
99125101026,OPO159,Sally,Anderson,K,2010-08-21,1989-10-07,Stazak
94675101027,OPO159,Robert,Cameron,M,2006-02-09,1988-03-05,Stazak
98776101028,OPO159,Andrea,Forsyth,K,2006-06-08,1983-12-12,Stazak
97104101029,OPO159,Dylan,Newman,M,2009-11-16,1967-02-01,Stazak
97495101030,OPO159,Austin,Lambert,M,2009-02-08,1984-12-03,Stazak
98934101031,OPO159,Ian,Gibson,M,2006-05-23,1979-04-05,Stazak
95102101032,OPO159,Anna,Dyer,K,2007-08-27,1989-11-01,Stazak
92850101033,OPO159,Lillian,Gibson,K,2010-07-06,1981-07-13,Stazak
90002101034,OPO159,Joseph,Morgan,M,2007-10-07,1980-10-04,Stazak
99314101035,OPO159,Abigail,Mathis,K,2007-06-22,1974-10-29,Stazak
99221101036,OPO159,Rachel,Kelly,K,2015-02-10,1997-02-08,Stazak
93190101037,OPO159,Rose,Stewart,K,2012-08-27,2002-04-16,Stazak
92024101038,LUB160,Justin,Walker,M,2008-03-05,1969-03-02,Stazak
96272101039,LUB160,Phil,Arnold,M,2007-10-15,1979-03-12,Stazak
99590101040,LUB160,Chloe,Lewis,K,2012-08-14,1978-12-07,Stazak
96539101041,LUB160,Frank,Greene,M,2011-07-03,1977-08-04,Stazak
90090101042,LUB160,Robert,Smith,M,2009-09-07,1967-07-25,Stazak
93810101043,LUB160,Jake,Ball,M,2006-10-15,1983-09-29,Stazak
91900101044,LUB160,Cameron,Morrison,M,2015-04-15,1975-10-13,Stazak
99525101045,LUB160,Madeleine,Paterson,K,2014-02-08,1997-11-29,Stazak
98232101046,LUB160,Christian,Lawrence,M,2007-03-08,1986-01-28,Stazak
94734101047,LUB160,Natalie,Hart,K,2014-08-12,1975-08-30,Stazak
99541101048,LUB160,Carol,Robertson,K,2010-11-12,1993-05-21,Stazak
98789101049,LUB160,Nicola,Mitchell,K,2015-05-18,1998-01-17,Stazak
96687101050,LUB160,Deirdre,Coleman,K,2008-01-28,1995-10-13,Stazak
98508101051,LUB160,Julia,Ross,K,2011-03-26,1971-04-16,Stazak
98685101052,LUB160,Madeleine,McLean,K,2013-09-21,1986-02-26,Stazak
99718101053,LUB160,Elizabeth,Marshall,K,2006-09-24,1967-02-04,Stazak
93460101054,LUB160,Samantha,Sutherland,K,2008-02-16,1998-06-28,Stazak
96414101055,LUB160,Theresa,Hunter,K,2008-10-06,1972-02-10,Stazak
99596101056,LUB160,Luke,Powell,M,2008-02-15,1985-08-20,Stazak
95896101057,LUB160,Thomas,Scott,M,2007-09-20,1998-02-07,Stazak
99702101058,LUB160,Tim,NAZWISKO33,M,2013-01-02,1970-12-15,Stazak
91450101059,LUB160,Owen,Pullman,M,2006-12-14,1984-02-27,Stazak
99424101060,LUB160,Connor,Rampling,M,2008-05-30,1996-06-16,Stazak
90688101061,LUB160,Bella,NAZWISKO45,K,2010-01-12,1996-06-14,Stazak
98255101062,KPM161,Emma,Newman,K,2007-09-03,1978-03-22,Stazak
99106101063,KPM161,Stephen,Fisher,M,2008-12-27,1984-08-28,Stazak
95813101064,KPM161,Amy,Harris,K,2009-03-07,1997-05-06,Stazak
93783101065,KPM161,Jack,Slater,M,2015-10-17,1984-12-11,Stazak
93411101066,KPM161,Paul,Berry,M,2012-11-30,1994-04-06,Stazak
98652101067,KPM161,Caroline,Grant,K,2009-12-01,1980-03-23,Stazak
92493101068,KPM161,Grace,McLean,K,2015-01-13,1980-09-23,Stazak
95861101069,KPM161,Sophie,Young,K,2006-01-15,1991-06-28,Stazak
90341101070,KPM161,Amelia,NAZWISKO12,K,2010-02-25,1981-06-06,Stazak
99078101071,KPM161,Kevin,Vance,M,2008-04-09,1969-08-28,Stazak
92871101072,KPM161,Natalie,Duncan,K,2013-04-09,1985-09-23,Stazak
93223101073,KPM161,Alison,Hart,K,2014-05-05,1991-11-06,Stazak
97844101074,KPM161,Melanie,James,K,2010-04-24,1984-02-22,Stazak
99465101075,LUB162,Zoe,Hardacre,K,2012-12-31,1982-01-31,Stazak
98490101076,LUB162,Joshua,Avery,M,2010-10-12,1984-06-23,Stazak
97451101077,LUB162,Boris,Bell,M,2015-10-26,1969-04-02,Stazak
93187101078,LUB162,Sam,Sharp,M,2015-10-11,1990-05-07,Stazak
95703101079,LUB162,Jessica,Oliver,K,2013-03-01,1984-02-21,Stazak
91460101080,LUB162,Gavin,Scott,M,2010-01-11,1967-09-15,Stazak
97875101081,LUB162,Molly,NAZWISKO5,K,2008-07-06,1973-04-11,Stazak
92324101082,LUB162,Carl,Allan,M,2006-07-20,1994-08-08,Stazak
94307101083,LUB162,Tim,Skinner,M,2006-11-02,1970-03-23,Stazak
96604101084,LUB162,Kimberly,Kerr,K,2013-01-21,1999-10-18,Stazak
99689101085,LUB162,Anne,Watson,K,2007-06-15,1966-04-21,Stazak
94395101086,LUB162,Carolyn,Reid,K,2010-02-09,2000-05-18,Stazak
99172101087,LUB162,Sarah,Roberts,K,2010-08-16,1974-11-03,Stazak
90786101088,LUB162,Matt,Welch,M,2009-12-04,1993-08-10,Stazak
94387101089,LUB162,Stewart,Hunter,M,2015-07-01,1975-02-18,Stazak
93286101090,LUB162,Joshua,Parsons,M,2014-06-12,1985-01-20,Stazak
94516101091,LOD163,Amelia,Rutherford,K,2008-04-19,1995-12-30,Stazak
99715101092,LOD163,Simon,Churchill,M,2014-05-21,2002-02-01,Stazak
97460101093,LOD163,Alison,Black,K,2013-06-27,1979-06-19,Stazak
90911101094,LOD163,Jason,Underwood,M,2010-03-07,1974-04-09,Stazak
96541101095,LOD163,Ella,Oliver,K,2014-04-06,1967-06-08,Stazak
97502101096,LOD163,David,Sharp,M,2015-04-05,1975-09-20,Stazak
94344101097,LOD163,Amy,James,K,2010-11-09,1987-03-04,Stazak
97472101098,LOD163,Leah,Jones,K,2014-07-15,1987-10-17,Stazak
94488101099,LOD163,Andrew,Alsop,M,2013-11-23,1986-07-22,Stazak
97688101100,LOD163,Thomas,Ince,M,2009-08-02,1977-03-06,Stazak
94635101101,LOD163,Julia,Fraser,K,2015-01-03,1980-05-06,Stazak
90586101102,LOD163,Kimberly,Berry,K,2013-10-20,1996-02-10,Stazak
98132101103,LOD163,Richard,Sutherland,M,2015-04-12,1997-01-12,Stazak
92976101104,LOD163,Jack,NAZWISKO23,M,2006-05-01,1988-12-18,Stazak
98501101105,MAL164,Christopher,Scott,M,2015-03-16,1990-11-18,Stazak
91924101106,MAL164,Alison,Churchill,K,2012-03-24,1986-04-22,Stazak
95011101107,MAL164,James,Young,M,2009-08-22,1998-11-05,Stazak
91548101108,MAL164,Sonia,Coleman,K,2015-05-05,2000-06-20,Stazak
93698101109,MAL164,Carol,Anderson,K,2012-11-27,1981-04-06,Stazak
98430101110,MAL164,Brian,Cornish,M,2015-09-15,1994-02-15,Stazak
98757101111,MAL164,John,Hill,M,2006-06-16,1988-11-16,Stazak
93619101112,MAL164,Rose,Randall,K,2010-04-22,1986-09-18,Stazak
97854101113,MAL164,Caroline,Cameron,K,2013-01-08,1991-08-12,Stazak
91410101114,MAL164,Benjamin,Graham,M,2006-03-30,1985-07-05,Stazak
98172101115,MAL164,Liam,Slater,M,2014-07-18,1990-04-10,Stazak
95766101116,MAL164,Stephanie,Gill,K,2013-10-05,1979-09-23,Stazak
97517101117,LUK165,Deirdre,Walsh,K,2007-06-11,1999-09-06,Stazak
93086101118,LUK165,Kylie,Stewart,K,2008-12-01,2000-01-13,Stazak
96441101119,LUK165,Leonard,Peters,M,2013-11-25,1986-11-30,Stazak
91225101120,LUK165,Simon,Walker,M,2011-10-22,1969-11-22,Stazak
94703101121,LUK165,Liam,Fisher,M,2014-12-31,1969-11-16,Stazak
94354101122,LUK165,Irene,Bailey,K,2015-12-18,1991-06-04,Stazak
91089101123,LUK165,Virginia,NAZWISKO39,K,2009-06-15,1973-08-06,Stazak
93452101124,LUK165,Evan,Randall,M,2015-06-22,1992-09-25,Stazak
98356101125,LUK165,Amanda,NAZWISKO43,K,2009-12-02,1971-11-01,Stazak
93906101126,LUK165,Edward,Davidson,M,2009-11-28,1980-11-17,Stazak
93637101127,LUK165,Elizabeth,Burgess,K,2006-12-12,1987-08-03,Stazak
92185101128,LUK165,Abigail,Abraham,K,2008-09-06,1979-08-13,Stazak
93349101129,LUK165,Claire,Arnold,K,2007-05-29,1971-07-23,Stazak
92680101130,LUK165,Amanda,Hamilton,K,2009-03-26,1969-02-08,Stazak
93115101131,LUK165,Stephanie,Baker,K,2013-02-21,1996-03-25,Stazak
92888101132,LUK165,Molly,Martin,K,2009-06-01,2002-04-02,Stazak
94228101133,LUK165,Amanda,Poole,K,2015-12-27,1966-08-27,Stazak
92903101134,LUK165,Richard,Mackenzie,M,2010-08-06,1976-12-23,Stazak
94358101135,LUK165,Peter,Powell,M,2013-10-18,2001-08-20,Stazak
96686101136,LUK165,Bernadette,Arnold,K,2011-07-09,1985-12-16,Stazak
97888101137,LUK165,Thomas,Murray,M,2008-03-13,1982-10-09,Stazak
97390101138,LUK165,Sam,Baker,M,2015-10-23,1995-07-23,Stazak
98987101139,LUK165,Sally,Poole,K,2010-10-17,1986-05-26,Stazak
91888101140,MAZ166,Theresa,Mackay,K,2015-08-27,1972-12-06,Stazak
98907101141,MAZ166,Frank,Payne,M,2015-07-22,2001-04-24,Stazak
95480101142,MAZ166,Sebastian,Brown,M,2015-07-26,1992-08-04,Stazak
93384101143,MAZ166,Evan,Jackson,M,2014-07-28,1979-08-17,Stazak
91073101144,MAZ166,Maria,Wallace,K,2015-06-05,1966-08-28,Stazak
97936101145,MAZ166,Joshua,Davidson,M,2007-11-24,1986-09-29,Stazak
99109101146,MAZ166,Alan,Miller,M,2009-01-19,1978-03-12,Stazak
93078101147,MAZ166,Matt,Ferguson,M,2006-08-31,1977-12-10,Stazak
95462101148,MAZ166,Dylan,Ellison,M,2010-08-14,1967-03-16,Stazak
92541101149,MAZ166,Michael,Miller,M,2007-01-14,1998-08-02,Stazak
92626101150,MAZ166,Alexandra,Lyman,K,2013-03-24,1968-01-25,Stazak
96488101151,MAZ166,Robert,Graham,M,2015-02-11,2001-02-26,Stazak
97585101152,MAZ166,Lillian,Berry,K,2006-04-04,1990-07-26,Stazak
98772101153,MAZ166,Jan,Russell,K,2008-09-08,1993-03-10,Stazak
94410101154,MAZ166,Victor,NAZWISKO15,M,2010-07-31,1970-05-23,Stazak
91705101155,MAZ166,Andrea,James,K,2013-08-30,1975-07-10,Stazak
92008101156,KPM167,Tim,Morrison,M,2013-03-22,1977-09-16,Stazak
90478101157,KPM167,Neil,Jones,M,2009-11-24,1993-02-22,Stazak
91747101158,KPM167,Charles,Underwood,M,2007-03-25,1984-09-22,Stazak
93548101159,KPM167,Kevin,Berry,M,2010-10-11,1969-03-09,Stazak
91479101160,KPM167,Frank,Buckland,M,2014-03-09,1977-07-28,Stazak
90218101161,KPM167,Charles,Slater,M,2007-06-27,1979-08-29,Stazak
99994101162,KPM167,Brian,Gill,M,2007-04-13,1974-08-04,Stazak
95769101163,KPM167,Owen,Brown,M,2006-03-20,1972-08-15,Stazak
96456101164,KPM167,Kevin,McLean,M,2010-10-27,1968-08-11,Stazak
95430101165,KPM167,Sebastian,Nolan,M,2015-04-16,1971-06-06,Stazak
99635101166,KPM167,Melanie,Allan,K,2006-09-01,1969-09-20,Stazak
90611101167,KPM167,Faith,Rees,K,2015-12-02,1987-11-01,Stazak
91181101168,KPM167,Justin,Peters,M,2012-09-04,1967-01-18,Stazak
98125101169,KPM167,Stewart,Carr,M,2011-03-24,1990-01-08,Stazak
94868101170,KPM167,Zoe,Ferguson,K,2013-12-01,1967-09-01,Stazak
96970101171,KPM167,Sean,Mackenzie,M,2015-02-02,1977-02-14,Stazak
96418101172,KPM167,Leah,Ince,K,2015-09-19,1967-04-13,Stazak
97538101173,KPM167,Julian,Walsh,M,2008-03-23,1980-02-19,Stazak
94423101174,KPM167,Joe,Walker,M,2012-02-15,1998-02-11,Stazak
96123101175,KPM167,Robert,Knox,M,2008-11-27,1973-07-17,Stazak
98195101176,KPM167,Lillian,Wilkins,K,2011-12-19,1998-09-19,Stazak
94332101177,KPM167,Kimberly,Henderson,K,2010-01-29,1986-09-29,Stazak
94487101178,LOD168,Austin,Ross,M,2012-06-18,1972-10-12,Stazak
92426101179,LOD168,Andrea,Parsons,K,2013-03-12,1994-11-12,Stazak
96215101180,LOD168,Lisa,Johnston,K,2007-06-30,1981-02-18,Stazak
96678101181,LOD168,Connor,Scott,M,2009-09-30,1997-07-02,Stazak
93133101182,LOD168,Molly,Wilson,K,2010-02-07,1967-06-23,Stazak
90004101183,LOD168,Matt,Tucker,M,2010-09-19,1966-08-27,Stazak
91422101184,LOD168,Pippa,Grant,K,2012-11-24,1997-01-28,Stazak
98903101185,LOD168,Richard,Parsons,M,2013-09-14,1968-08-17,Stazak
95464101186,LOD168,Elizabeth,Peters,K,2010-03-17,1969-11-09,Stazak
90718101187,LOD168,Sally,Arnold,K,2012-05-24,1998-07-13,Stazak
98043101188,LOD168,Eric,Lewis,M,2012-01-07,1984-02-04,Stazak
96753101189,LOD168,Jennifer,May,K,2011-06-29,1975-04-30,Stazak
90847101190,LOD168,Benjamin,Walker,M,2008-07-07,1997-07-20,Stazak
93460101191,LOD168,David,Walker,M,2011-12-09,1970-11-18,Stazak
97761101192,LOD168,Penelope,Short,K,2007-07-19,1986-07-09,Stazak
92802101193,LOD168,Penelope,Skinner,K,2008-04-14,1992-11-05,Stazak
94741101194,LOD168,Gordon,Metcalfe,M,2012-08-18,1976-06-22,Stazak
95346101195,LOD168,Andrea,Lee,K,2014-06-08,1992-06-02,Stazak
92647101196,LOD168,John,Hamilton,M,2007-08-01,1993-04-05,Stazak
99445101197,LOD168,Amy,Watson,K,2011-07-22,1984-11-30,Stazak
94567101198,LOD168,Lily,May,K,2015-11-02,1970-03-29,Stazak
92353101199,MAZ169,Nicholas,Manning,M,2013-12-24,1998-03-27,Stazak
94248101200,MAZ169,Nicola,Miller,K,2008-10-20,1999-03-31,Stazak
96943101201,MAZ169,Boris,Nolan,M,2015-09-23,1985-08-03,Stazak
94513101202,MAZ169,Jack,North,M,2013-04-08,1979-06-03,Stazak
99277101203,MAZ169,Eric,Oliver,M,2009-05-06,1997-08-22,Stazak
93951101204,MAZ169,Carl,Bell,M,2014-08-16,1988-06-09,Stazak
96071101205,MAZ169,Trevor,Simpson,M,2013-12-06,1982-03-26,Stazak
99860101206,MAZ169,Colin,Hill,M,2011-10-19,1990-03-03,Stazak
91964101207,MAZ169,Lisa,Carr,K,2015-01-11,1995-04-29,Stazak
96774101208,MAZ169,Amanda,Robertson,K,2013-02-08,1998-06-18,Stazak
91878101209,MAZ169,Thomas,Skinner,M,2006-03-04,1982-08-20,Stazak
98147101210,MAZ169,Keith,Newman,M,2008-11-25,1968-06-07,Stazak
94131101211,MAZ169,Maria,Simpson,K,2013-03-28,1995-10-27,Stazak
95180101212,MAZ169,Sarah,Scott,K,2011-07-10,1971-09-29,Stazak
93712101213,MAZ169,Christian,Mitchell,M,2011-06-04,1972-01-20,Stazak
96214101214,MAZ169,Alan,Grant,M,2008-01-31,1984-12-19,Stazak
95371101215,MAZ169,Felicity,Howard,K,2015-04-18,1969-06-22,Stazak
93262101216,MAZ169,Hannah,Johnston,K,2007-04-11,1972-09-13,Stazak
99782101217,LUB170,Penelope,Terry,K,2006-09-19,1994-12-17,Stazak
98398101218,LUB170,Simon,Parr,M,2009-07-01,1967-03-07,Stazak
94177101219,LUB170,Rebecca,Simpson,K,2015-11-29,1980-02-01,Stazak
99575101220,LUB170,Paul,Clarkson,M,2011-07-10,1996-08-17,Stazak
95558101221,LUB170,Rose,Dyer,K,2006-07-26,1968-07-18,Stazak
99668101222,LUB170,Thomas,NAZWISKO52,M,2011-08-26,2000-03-25,Stazak
98030101223,LUB170,Sebastian,Hughes,M,2015-08-31,1990-11-18,Stazak
94833101224,LUB170,Diane,Walsh,K,2009-07-22,1993-04-27,Stazak
93068101225,LUB170,Joseph,Scott,M,2010-02-02,1986-10-11,Stazak
91704101226,LUB170,Zoe,Bower,K,2007-09-27,1979-04-28,Stazak
91886101227,LUB170,Rose,Ellison,K,2008-04-19,1997-07-05,Stazak
97697101228,LUB170,Heather,Underwood,K,2008-01-09,1979-09-07,Stazak
94046101229,LUB170,James,Short,M,2008-08-28,1967-10-03,Stazak
96539101230,LUB170,Vanessa,Springer,K,2012-10-22,2002-09-04,Stazak
94750101231,LUB170,Andrea,Ellison,K,2006-07-29,1996-12-10,Stazak
99651101232,LUB170,Gavin,Harris,M,2012-07-06,1992-08-23,Stazak
96090101233,LUB170,Dominic,King,M,2013-07-20,1987-10-21,Stazak
93152101234,LUB170,Kevin,NAZWISKO53,M,2014-10-11,1991-11-01,Stazak
95627101235,LUB170,Sebastian,Walsh,M,2013-05-17,1980-01-23,Stazak
98048101236,LUB170,Thomas,Dickens,M,2009-04-07,1976-01-18,Stazak
97780101237,LUB170,Natalie,Lee,K,2015-12-08,1995-09-28,Stazak
98483101238,LUB170,Jason,Watson,M,2015-05-28,1979-07-03,Stazak
90798101239,LUB170,Tracey,Watson,K,2015-01-01,1973-03-02,Stazak
96584101240,LUB170,Heather,Manning,K,2013-10-18,1994-08-28,Stazak
95738101241,MAL171,Amy,Churchill,K,2007-09-11,1968-08-19,Stazak
92531101242,MAL171,Carol,Gill,K,2011-04-25,1997-06-23,Stazak
95135101243,MAL171,Lillian,Mitchell,K,2008-10-11,1975-02-23,Stazak
99002101244,MAL171,Stephanie,Vance,K,2008-10-16,1984-11-24,Stazak
91870101245,MAL171,Penelope,Jones,K,2012-02-02,1978-08-15,Stazak
95904101246,MAL171,Dylan,Campbell,M,2013-10-21,1983-04-12,Stazak
96241101247,MAL171,Megan,NAZWISKO97,K,2008-12-14,1967-09-27,Stazak
93641101248,MAL171,Dylan,Thomson,M,2008-02-12,1978-01-20,Stazak
98799101249,MAL171,Austin,Howard,M,2011-11-27,1982-03-02,Stazak
99617101250,MAL171,Bernadette,Hunter,K,2008-02-06,1969-08-08,Stazak
90947101251,MAL171,Austin,Baker,M,2007-07-03,1985-03-01,Stazak
94428101252,MAL171,David,Young,M,2013-09-21,1976-05-29,Stazak
90326101253,MAL171,Joshua,Randall,M,2006-12-15,1981-04-18,Stazak
92004101254,MAZ172,Nicholas,Johnston,M,2012-10-18,1999-09-01,Stazak
98424101255,MAZ172,Robert,Greene,M,2013-03-16,2000-08-02,Stazak
97898101256,MAZ172,Sam,Short,M,2011-04-27,1981-04-10,Stazak
95776101257,MAZ172,Julia,Cameron,K,2006-11-15,1971-10-03,Stazak
90112101258,MAZ172,Joe,Hemmings,M,2010-07-11,1973-04-16,Stazak
97070101259,MAZ172,Stewart,Welch,M,2008-08-24,1993-01-19,Stazak
91849101260,MAZ172,Elizabeth,Wright,K,2006-08-17,2002-10-20,Stazak
96625101261,MAZ172,Heather,Wright,K,2010-07-19,1972-08-03,Stazak
97857101262,MAZ172,Christopher,Oliver,M,2009-05-29,1999-12-13,Stazak
99349101263,MAZ172,Christian,NAZWISKO27,M,2008-11-21,1979-07-01,Stazak
96280101264,MAZ172,Luke,NAZWISKO47,M,2009-08-14,1973-07-05,Stazak
95628101265,MAZ172,Trevor,Buckland,M,2007-05-18,1990-08-26,Stazak
94463101266,MAZ172,Matt,Bell,M,2012-08-11,1971-08-06,Stazak
97443101267,MAZ172,Elizabeth,NAZWISKO88,K,2015-06-17,1986-04-16,Stazak
99634101268,MAZ172,Ella,Black,K,2012-12-06,1969-02-24,Stazak
90731101269,MAZ172,Dylan,Wilkins,M,2008-04-23,1969-11-21,Stazak
97722101270,MAZ172,Anthony,Clark,M,2011-03-11,1992-08-05,Stazak
90617101271,MAZ172,Nathan,Clark,M,2006-12-02,1972-03-17,Stazak
91679101272,MAZ172,Irene,Dowd,K,2008-09-15,1997-07-01,Stazak
96876101273,MAZ172,Sue,Springer,K,2015-11-05,1977-10-23,Stazak
94464101274,MAZ172,Thomas,Gray,M,2014-04-20,1972-10-04,Stazak
90625101275,LOD173,Audrey,Gray,K,2006-11-06,1970-02-06,Stazak
92052101276,LOD173,Eric,Powell,M,2010-02-04,1994-09-15,Stazak
96699101277,LOD173,Brian,Blake,M,2011-10-26,1994-01-27,Stazak
91392101278,LOD173,Kevin,Campbell,M,2007-07-05,1981-09-05,Stazak
97945101279,LOD173,Christian,Marshall,M,2010-11-01,1981-06-02,Stazak
95901101280,LOD173,Christian,Hart,M,2007-07-13,1974-06-05,Stazak
91049101281,LOD173,Charles,Coleman,M,2007-03-19,1966-04-10,Stazak
96979101282,LOD173,Anna,May,K,2012-04-01,1986-10-30,Stazak
94691101283,LOD173,Rebecca,Nolan,K,2010-05-09,1988-12-05,Stazak
98793101284,LOD173,Isaac,Randall,M,2013-10-18,1986-03-10,Stazak
93776101285,LOD173,Robert,Abraham,M,2010-12-11,1985-02-13,Stazak
90494101286,LOD173,Felicity,Burgess,K,2013-04-17,2001-08-07,Stazak
97737101287,LOD173,Richard,May,M,2009-08-18,1972-02-03,Stazak
92041101288,LOD173,Lisa,Young,K,2009-03-02,2000-08-19,Stazak
94523101289,LOD173,Zoe,Duncan,K,2013-12-16,2002-11-01,Stazak
95296101290,OPO174,Anne,Allan,K,2012-12-20,1973-09-14,Stazak
98039101291,OPO174,Brandon,Greene,M,2012-11-13,1997-07-09,Stazak
92585101292,OPO174,Elizabeth,NAZWISKO46,K,2014-08-31,1999-09-30,Stazak
99165101293,OPO174,Alan,Lee,M,2013-06-26,1979-06-01,Stazak
93412101294,OPO174,Tim,Gibson,M,2010-08-16,1978-03-26,Stazak
91722101295,OPO174,Amelia,McLean,K,2014-08-02,1989-07-03,Stazak
95520101296,OPO174,Chloe,Dowd,K,2006-07-11,1988-07-27,Stazak
96251101297,OPO174,Victor,NAZWISKO32,M,2007-08-28,1980-09-01,Stazak
94779101298,OPO174,Nathan,Avery,M,2006-01-11,1972-05-18,Stazak
99670101299,OPO174,James,Morgan,M,2013-03-06,1994-03-28,Stazak
91764101300,OPO174,Julia,Allan,K,2012-04-06,1979-08-19,Stazak
99747101301,OPO174,Nicola,Thomson,K,2012-03-27,1977-01-29,Stazak
99566101302,OPO174,Gavin,Edmunds,M,2009-08-14,1990-11-13,Stazak
95695101303,OPO174,Jacob,Peters,M,2012-04-20,1986-11-25,Stazak
90262101304,OPO174,Ava,MacDonald,K,2006-03-22,1987-12-12,Stazak
98024101305,OPO174,Luke,King,M,2008-05-25,1981-07-07,Stazak
99939101306,OPO174,Sarah,Ince,K,2015-01-27,1984-05-25,Stazak
97664101307,OPO174,Sebastian,Newman,M,2008-06-18,1984-04-02,Stazak
96604101308,OPO174,Jessica,Hemmings,K,2006-01-13,1989-01-26,Stazak
98367101309,OPO174,Neil,Simpson,M,2011-04-24,1981-04-17,Stazak
91395101310,OPO174,Ian,Cameron,M,2014-08-05,1975-12-18,Stazak
99212101311,OPO174,Oliver,McGrath,M,2012-01-15,1983-11-23,Stazak
91641101312,OPO174,Kylie,Davies,K,2012-12-08,1992-09-11,Stazak
97829101313,OPO174,Anthony,Jones,M,2009-07-05,1969-03-22,Stazak
96726101314,OPO174,Adam,Hamilton,M,2011-02-05,1979-03-31,Stazak
99792101315,KPM175,Deirdre,Harris,K,2011-03-14,1993-01-19,Stazak
98949101316,KPM175,Una,Wallace,K,2014-08-01,1990-08-20,Stazak
96809101317,KPM175,Ryan,Slater,M,2008-11-28,1987-06-28,Stazak
96030101318,KPM175,Liam,Lewis,M,2013-09-13,1968-04-10,Stazak
98065101319,KPM175,Matt,Robertson,M,2011-02-17,1977-01-05,Stazak
99122101320,KPM175,Isaac,Mathis,M,2013-08-22,1993-11-08,Stazak
92794101321,KPM175,James,Peake,M,2006-05-19,1983-12-09,Stazak
99543101322,KPM175,Joan,Avery,K,2009-07-09,1976-01-22,Stazak
93413101323,KPM175,Adam,Coleman,M,2012-08-04,1974-02-27,Stazak
91865101324,KPM175,Warren,Sanderson,M,2009-06-04,1990-06-29,Stazak
95584101325,KPM175,Liam,Manning,M,2006-04-26,1969-05-10,Stazak
97406101326,KPM175,Pippa,McDonald,K,2010-01-05,1976-10-08,Stazak
92204101327,MAL176,Dan,Clark,M,2011-09-11,1997-11-17,Stazak
98227101328,MAL176,Virginia,Wilson,K,2012-02-20,1979-11-22,Stazak
91728101329,MAL176,Elizabeth,Gill,K,2010-07-10,1966-09-24,Stazak
94067101330,MAL176,Lisa,Peters,K,2011-03-13,1981-07-03,Stazak
98621101331,MAL176,Joshua,Ellison,M,2009-11-19,1972-03-20,Stazak
98879101332,MAL176,Anthony,Tucker,M,2008-07-21,1974-10-03,Stazak
95190101333,MAL176,Thomas,Scott,M,2011-09-07,1973-10-31,Stazak
99859101334,MAL176,Kylie,Bond,K,2007-01-27,1988-05-17,Stazak
98379101335,MAL176,Colin,Arnold,M,2010-10-13,1982-06-23,Stazak
90181101336,MAL176,Andrea,Hardacre,K,2011-11-07,1992-07-30,Stazak
93156101337,MAL176,Irene,Hudson,K,2013-08-22,1972-05-03,Stazak
90806101338,MAL176,Ava,Mackenzie,K,2011-05-24,1969-02-16,Stazak
95190101339,MAL176,Charles,Baker,M,2011-10-10,2000-03-28,Stazak
91154101340,MAL176,Fiona,Payne,K,2014-07-11,1999-06-25,Stazak
90116101341,MAL176,Diana,Pullman,K,2015-08-01,1995-03-24,Stazak
92531101342,MAL176,Leonard,Murray,M,2012-05-09,1988-05-21,Stazak
99305101343,KPM177,Cameron,NAZWISKO10,M,2009-11-06,1979-07-27,Stazak
90483101344,KPM177,Anthony,Gibson,M,2015-08-07,1989-12-03,Stazak
96230101345,KPM177,Kylie,Powell,K,2015-01-21,1993-01-06,Stazak
92729101346,KPM177,Paul,Miller,M,2014-06-22,1994-09-08,Stazak
96740101347,KPM177,Gavin,King,M,2006-10-16,1995-09-09,Stazak
92732101348,KPM177,Jan,Langdon,K,2006-12-26,1976-02-15,Stazak
98112101349,KPM177,Karen,NAZWISKO54,K,2011-07-14,1978-01-10,Stazak
93306101350,KPM177,Rebecca,Poole,K,2010-03-22,1983-05-18,Stazak
98909101351,KPM177,Joshua,MacDonald,M,2012-11-22,1998-06-14,Stazak
96300101352,KPM177,Zoe,Randall,K,2006-04-04,2001-12-09,Stazak
91787101353,KPM177,Victor,Arnold,M,2013-12-14,1995-12-10,Stazak
91286101354,KPM177,Brandon,Langdon,M,2011-02-26,1998-05-21,Stazak
92943101355,KPM177,Anthony,Black,M,2015-06-28,1997-09-18,Stazak
91458101356,KPM177,Vanessa,Springer,K,2011-08-15,1985-06-16,Stazak
90771101357,DSK178,Carl,NAZWISKO64,M,2014-11-28,2002-06-28,Stazak
90917101358,DSK178,Amelia,Randall,K,2013-06-03,1983-04-13,Stazak
92503101359,DSK178,Carolyn,Ross,K,2014-01-25,1975-03-08,Stazak
93356101360,DSK178,Gabrielle,Mills,K,2007-06-14,1974-05-28,Stazak
96026101361,DSK178,Grace,Young,K,2009-10-03,1967-08-27,Stazak
91707101362,DSK178,Jason,Carr,M,2014-02-14,1975-09-20,Stazak
97708101363,DSK178,Piers,Hodges,M,2013-03-15,1992-03-17,Stazak
92919101364,DSK178,Leonard,Wilson,M,2013-08-17,1982-11-24,Stazak
92507101365,DSK178,Ava,Poole,K,2007-10-25,1972-09-11,Stazak
98733101366,DSK178,Isaac,Hudson,M,2009-02-17,1996-07-25,Stazak
90925101367,DSK178,Alison,Hudson,K,2015-05-04,1985-08-07,Stazak
94419101368,DSK178,Lily,Wilson,K,2012-05-15,1989-11-30,Stazak
95092101369,DSK178,Olivia,Vaughan,K,2009-06-14,1991-12-17,Stazak
96135101370,DSK178,Gavin,Lee,M,2010-12-29,1986-01-08,Stazak
97831101371,DSK178,Piers,Morrison,M,2015-01-22,1968-03-21,Stazak
91284101372,DSK178,Diane,MacLeod,K,2008-03-29,1985-08-08,Stazak
92495101373,DSK178,Hannah,Wilson,K,2011-02-10,1973-01-18,Stazak
95744101374,DSK178,Lily,Roberts,K,2011-04-12,1976-08-03,Stazak
96588101375,DSK178,Diane,Grant,K,2009-10-05,1983-05-26,Stazak
95266101376,DSK178,Liam,Henderson,M,2015-05-27,1978-06-21,Stazak
99372101377,MAZ179,Virginia,Nash,K,2015-10-27,1992-05-08,Stazak
93759101378,MAZ179,Austin,Allan,M,2006-09-17,1975-12-13,Stazak
92589101379,MAZ179,Frank,Morgan,M,2006-04-03,1981-12-28,Stazak
93644101380,MAZ179,Christopher,Gill,M,2013-12-08,1999-09-18,Stazak
99439101381,MAZ179,Rose,Avery,K,2012-11-22,1985-10-22,Stazak
96406101382,MAZ179,Joanne,Dickens,K,2007-09-22,1976-01-29,Stazak
94473101383,MAZ179,Mary,Harris,K,2013-12-19,1987-04-17,Stazak
97286101384,MAZ179,Virginia,NAZWISKO49,K,2010-04-16,1988-09-16,Stazak
97392101385,MAZ179,Gordon,Pullman,M,2008-12-28,1971-02-02,Stazak
92549101386,MAZ179,Karen,Dickens,K,2014-08-31,1999-12-31,Stazak
92998101387,MAZ179,Andrew,Ince,M,2007-04-20,1982-05-11,Stazak
93797101388,MAZ179,Theresa,Rampling,K,2014-12-06,1985-05-20,Stazak
90532101389,MAZ179,Sebastian,Graham,M,2014-08-06,1985-02-15,Stazak
94558101390,MAZ179,Adam,Turner,M,2006-10-01,1967-12-25,Stazak
98297101391,MAZ179,Jan,Fisher,K,2007-11-04,1975-11-02,Stazak
98335101392,MAZ179,Jason,Payne,M,2006-07-25,1990-02-07,Stazak
91191101393,MAZ179,Lisa,Kerr,K,2014-05-09,1966-01-22,Stazak
96808101394,MAZ179,Lucas,MacDonald,M,2010-12-05,1993-06-17,Stazak
99283101395,MAZ179,Hannah,Avery,K,2014-12-21,1995-06-03,Stazak
98701101396,MAZ179,Lillian,Wilson,K,2014-06-07,1980-07-16,Stazak
96043101397,MAZ179,Keith,Black,M,2011-06-17,1981-08-17,Stazak
97142101398,MAZ179,Adam,Avery,M,2006-02-07,1986-06-06,Stazak
94513101399,MAZ179,Sam,Lee,M,2014-06-13,1989-06-04,Stazak
