Date,Open,High,Low,Close,Volume,Openint
2012-02-28,5.7187,5.8267,5.6697,5.7874,148987
2012-02-29,5.8364,5.8364,5.6795,5.758,200260
2012-03-01,5.758,5.758,5.4637,5.6893,255629
2012-03-02,5.6403,5.6893,5.5716,5.6011,225271
2012-03-05,5.5815,5.5912,5.4245,5.4539,283615
2012-03-06,5.4441,5.4441,5.2969,5.3068,589584
2012-03-07,5.2577,5.4343,5.2479,5.4343,236218
2012-03-08,5.552,5.856,5.4735,5.856,833003
2012-03-09,5.9836,6.0424,5.8659,5.9738,689359
2012-03-12,6.0032,6.0032,5.7874,5.8267,341952
2012-03-13,5.8855,5.915,5.7482,5.8267,181725
2012-03-14,5.9051,6.0032,5.8954,5.915,472609
2012-03-15,5.915,6.2778,5.915,6.2778,1636816
2012-03-16,6.4054,6.6016,6.3563,6.4545,1543525
2012-03-19,6.5624,6.5624,6.2877,6.5034,471590
2012-03-20,6.4741,6.4741,6.3269,6.3759,393301
2012-03-21,6.3759,6.4642,6.3269,6.3956,327013
2012-03-22,6.3858,6.4054,5.856,5.9836,1428570
2012-03-23,5.9836,6.2386,5.9836,6.2289,702683
2012-03-26,6.3171,6.5427,6.219,6.4741,897344
2012-03-27,6.631,6.7487,6.4741,6.6114,1278771
2012-03-28,6.4741,6.7977,6.4545,6.6702,580701
2012-03-29,6.6604,6.6604,6.4741,6.6408,345745
2012-03-30,6.6997,6.8272,6.68,6.788,570828
2012-04-02,6.8468,6.8664,6.5917,6.5917,618757
2012-04-03,6.6212,6.6408,6.425,6.4838,537677
2012-04-04,6.3858,6.425,6.1307,6.1798,906758
2012-04-05,6.1895,6.4545,5.9934,6.4054,1156897
2012-04-10,6.425,6.5133,6.0424,6.0621,579423
2012-04-11,6.0424,6.2681,5.8855,6.1602,791122
2012-04-12,6.2485,6.2778,6.0817,6.2778,307792
2012-04-13,6.2975,6.3171,6.1406,6.2289,347133
2012-04-16,6.1406,6.3171,6.1406,6.2289,265259
2012-04-17,6.219,6.4446,5.9247,5.9247,1437329
2012-04-18,5.9247,6.0523,5.6403,6.0523,1237447
2012-04-19,6.0719,6.0719,5.7972,5.915,487390
2012-04-20,5.856,5.8855,5.7384,5.7972,407912
2012-04-23,5.6893,5.6893,5.1008,5.1008,1794377
2012-04-24,5.1596,5.3165,4.8261,5.2577,2295003
2012-04-25,5.3362,5.346,5.1302,5.2479,568237
2012-04-26,5.3264,5.3264,5.0812,5.1498,732842
2012-04-27,5.1008,5.3852,5.0909,5.2773,654762
2012-04-30,5.3754,5.4932,5.3264,5.4441,361029
2012-05-02,5.5225,5.5618,5.2773,5.2872,297816
2012-05-04,5.1793,5.1989,4.9634,4.9634,671924
2012-05-07,4.7574,5.0517,4.679,5.0026,1204919
2012-05-08,5.0419,5.189,5.0026,5.1498,533709
2012-05-09,5.189,5.2185,4.9537,5.1008,281699
2012-05-10,5.0615,5.14,5.0517,5.0517,121190
2012-05-11,5.1008,5.1008,4.9537,5.0321,125373
2012-05-14,5.0125,5.0125,4.8555,4.9046,405541
2012-05-15,4.8163,4.8947,4.7084,4.7084,279271
2012-05-16,4.4141,4.7378,4.2964,4.679,1219043
2012-05-17,4.7084,4.728,4.4632,4.6495,693360
2012-05-18,4.5515,4.7084,4.4239,4.7084,286691
2012-05-21,4.728,4.8163,4.6398,4.6887,455610
2012-05-22,4.6594,4.6986,4.5612,4.5612,109393
2012-05-23,4.522,4.522,4.2768,4.3063,665590
2012-05-24,4.3356,4.4043,4.1493,4.316,404775
2012-05-25,4.267,4.473,4.267,4.4141,324562
2012-05-28,4.5122,4.5416,4.4239,4.4534,72650
2012-05-29,4.4534,4.5907,4.3651,4.5612,197194
2012-05-30,4.5515,4.5515,4.4239,4.4338,182212
2012-05-31,4.473,4.5711,4.4141,4.5122,310013
2012-06-01,4.5711,4.5711,4.4435,4.5515,155130
2012-06-04,4.4828,4.6202,4.4632,4.5515,179929
2012-06-05,4.5515,4.5612,4.3455,4.5515,247673
2012-06-06,4.5612,4.6594,4.5416,4.6594,232960
2012-06-08,4.6495,4.6495,4.5612,4.6103,180382
2012-06-11,4.7084,4.7574,4.6103,4.6103,132797
2012-06-12,4.6005,4.6495,4.3748,4.5809,1896610
2012-06-13,4.6103,4.6103,4.4534,4.4632,366682
2012-06-14,4.4926,4.4926,4.3748,4.4534,628148
2012-06-15,4.4632,4.6986,4.4435,4.5612,360756
2012-06-18,4.6103,4.7477,4.5318,4.5907,221362
2012-06-19,4.6005,4.8065,4.522,4.7869,428521
2012-06-20,4.7967,4.8065,4.6887,4.7574,243775
2012-06-21,4.728,5.0517,4.6398,4.9438,784322
2012-06-22,4.8947,5.0419,4.8359,4.9144,224569
2012-06-25,4.8751,4.8947,4.8065,4.8163,91259
2012-06-26,4.8065,4.9438,4.7967,4.8947,128236
2012-06-27,4.8457,4.8947,4.8457,4.8751,107164
2012-06-28,4.8654,4.9046,4.6299,4.9046,256167
2012-06-29,4.8751,5.0321,4.8555,5.0321,390083
2012-07-02,5.0026,5.0026,4.8359,4.8359,384529
2012-07-03,4.8457,4.9046,4.7771,4.7771,135372
2012-07-04,4.7771,4.7869,4.6299,4.6299,309229
2012-07-05,4.6202,4.7378,4.5711,4.6299,302571
2012-07-06,4.6202,4.679,4.5612,4.5711,104229
2012-07-09,4.5416,4.7477,4.5122,4.7182,211641
2012-07-10,4.7574,4.7771,4.6299,4.6299,141113
2012-07-11,4.6202,4.6691,4.3259,4.3259,317127
2012-07-12,4.3259,4.5024,4.3259,4.4926,326017
2012-07-13,4.5122,4.6398,4.5024,4.6103,195830
2012-07-16,4.6202,4.6202,4.473,4.5024,86503
2012-07-17,4.5515,4.5515,4.4828,4.5122,101539
2012-07-18,4.6005,4.679,4.5612,4.6005,189061
2012-07-19,4.6398,4.6495,4.6005,4.6202,47617
2012-07-20,4.6202,4.7084,4.6103,4.6691,141860
2012-07-23,4.5612,4.5907,4.4828,4.5318,221679
2012-07-24,4.4338,4.6398,4.4338,4.6398,119161
2012-07-25,4.5907,4.6103,4.5122,4.522,121002
2012-07-26,4.5416,4.5416,4.4632,4.5416,85984
2012-07-27,4.5024,4.5612,4.473,4.4828,50413
2012-07-30,4.4435,4.4828,4.4239,4.4632,182113
2012-07-31,4.4828,4.4828,4.3259,4.4043,91788
2012-08-01,4.3847,4.4141,4.3356,4.3945,35723
2012-08-02,4.3748,4.473,4.3651,4.3945,56074
2012-08-03,4.3945,4.5024,4.3945,4.4534,42762
2012-08-06,4.4828,4.4828,4.4141,4.4632,30488
2012-08-07,4.4435,4.4534,4.4043,4.4239,18437
2012-08-08,4.4338,4.4338,4.3748,4.4043,21797
2012-08-09,4.4632,4.6299,4.4632,4.5318,160122
2012-08-10,4.5907,4.6103,4.473,4.5024,77255
2012-08-13,4.4632,4.5122,4.4632,4.473,30782
2012-08-14,4.5515,4.5515,4.473,4.473,24804
2012-08-16,4.473,4.5416,4.4338,4.5024,67705
2012-08-17,4.5024,4.5122,4.4534,4.473,70362
2012-08-20,4.4239,4.4632,4.4239,4.4534,25065
2012-08-21,4.4338,4.473,4.4239,4.4338,23132
2012-08-22,4.4338,4.5122,4.4141,4.5024,96594
2012-08-23,4.4828,4.5024,4.4141,4.4632,55134
2012-08-24,4.4828,4.4828,4.4239,4.4239,51886
2012-08-27,4.4338,4.4926,4.4338,4.473,44518
2012-08-28,4.4926,4.4926,4.4338,4.4338,38595
2012-08-29,4.4239,4.4239,4.1199,4.3651,584420
2012-08-30,4.3945,4.473,4.2277,4.4239,235731
2012-08-31,4.3847,4.4435,4.3651,4.3651,22262
2012-09-03,4.3651,4.4141,4.3356,4.3455,33401
2012-09-04,4.3356,4.3356,4.267,4.267,36429
2012-09-05,4.2572,4.2572,4.1493,4.1983,110635
2012-09-06,4.1689,4.3651,4.1689,4.3356,233218
2012-09-07,4.3356,4.4534,4.2866,4.3651,232098
2012-09-10,4.3651,4.3945,4.3063,4.3063,73294
2012-09-11,4.316,4.3945,4.2964,4.3651,155554
2012-09-12,4.4141,4.7084,4.4043,4.6691,633765
2012-09-13,4.6986,4.6986,4.5515,4.6103,105718
2012-09-14,4.7378,4.8065,4.7182,4.7771,476574
2012-09-17,4.8065,4.8065,4.6986,4.7673,149897
2012-09-18,4.7673,4.7673,4.6986,4.7378,107450
2012-09-19,4.7574,4.8359,4.7084,4.8065,287833
2012-09-20,4.7771,4.885,4.7673,4.8457,129505
2012-09-21,4.9046,4.9929,4.8947,4.9733,226689
2012-09-24,4.9733,5.0223,4.9046,5.0125,228623
2012-09-25,4.9929,5.0909,4.9929,5.0909,148751
2012-09-26,5.0321,5.0419,4.9634,5.0026,205348
2012-09-27,5.0026,5.2479,5.0026,5.2086,231157
2012-09-28,5.2479,5.3165,5.1008,5.1106,254010
2012-10-01,5.0713,5.189,4.9733,5.14,94661
2012-10-02,5.1498,5.1989,5.14,5.1498,130710
2012-10-03,5.189,5.1989,5.1498,5.1694,243981
2012-10-04,5.1989,5.3264,5.1989,5.2969,124129
2012-10-05,5.2577,5.346,5.2577,5.2969,242071
2012-10-08,5.2969,5.2969,5.1498,5.2282,127814
2012-10-09,5.2381,5.2872,5.2185,5.2479,382622
2012-10-10,5.2185,5.2381,5.1204,5.2086,311859
2012-10-11,5.1694,5.4147,5.1694,5.3656,426324
2012-10-12,5.3754,5.4147,5.3362,5.3754,332152
2012-10-15,5.3852,5.4048,5.3362,5.4048,233280
2012-10-16,5.4147,5.4441,5.395,5.4048,273667
2012-10-17,5.4245,5.4245,5.3852,5.4147,228832
2012-10-18,5.4147,5.5421,5.4048,5.4441,224205
2012-10-19,5.4833,5.5128,5.4147,5.4147,153006
2012-10-22,5.0125,5.4147,5.0125,5.1596,325619
2012-10-23,5.189,5.189,5.0223,5.0517,295374
2012-10-24,5.0026,5.0909,4.9929,5.0812,103995
2012-10-25,5.0909,5.1498,5.0517,5.1204,154257
2012-10-26,5.1302,5.1302,4.983,5.0026,91733
2012-10-29,4.9929,5.1204,4.983,5.1008,130105
2012-10-30,5.14,5.1793,5.0615,5.14,21305
2012-10-31,5.1793,5.2086,5.1008,5.1694,94711
2012-11-02,5.1989,5.2872,5.1989,5.2872,39768
2012-11-05,5.2969,5.2969,5.1008,5.2282,48380
2012-11-06,5.2086,5.2282,5.1498,5.1694,49350
2012-11-07,5.1694,5.2185,5.1106,5.1498,74443
2012-11-08,5.1204,5.1596,5.0812,5.1106,65443
2012-11-09,5.1106,5.1498,5.0713,5.0812,73419
2012-11-12,5.0812,5.14,5.0517,5.14,224417
2012-11-13,5.1989,5.3362,5.1793,5.1793,595989
2012-11-14,5.2185,5.3068,5.1989,5.2969,126844
2012-11-15,5.2969,5.3165,5.2577,5.2773,34715
2012-11-16,5.2773,5.6403,5.2479,5.5912,599004
2012-11-19,5.6403,5.7286,5.6403,5.7187,225385
2012-11-20,5.6893,6.0719,5.6697,6.0326,509070
2012-11-21,6.0228,6.0228,5.807,5.8756,211912
2012-11-22,5.8756,5.9346,5.8364,5.8364,70810
2012-11-23,5.8659,5.9247,5.8364,5.9247,61296
2012-11-26,5.9346,6.1798,5.8855,6.1798,560402
2012-11-27,6.1798,6.2582,6.0817,6.219,306376
2012-11-28,6.1798,6.1798,5.9542,6.0228,175406
2012-11-29,6.0817,6.1209,6.0228,6.0719,52934
2012-11-30,6.0719,6.0915,5.9346,5.9639,111476
2012-12-03,5.9836,6.013,5.7286,5.9738,183920
2012-12-04,5.9836,6.1111,5.8954,6.0719,183297
2012-12-05,6.1013,6.1307,5.9934,6.0621,160527
2012-12-06,6.0326,6.1307,6.0326,6.0817,260017
2012-12-07,6.0621,6.0817,6.0228,6.0817,38572
2012-12-10,6.0817,6.1111,6.0326,6.0817,34629
2012-12-11,6.0915,6.2289,6.0915,6.2289,250934
2012-12-12,6.2386,6.3759,6.2386,6.3465,861254
2012-12-13,6.3269,6.3563,6.1798,6.1798,77442
2012-12-14,6.1503,6.1798,6.0326,6.1503,158232
2012-12-17,6.1307,6.1895,6.1013,6.1307,123506
2012-12-18,6.1307,6.1307,6.1013,6.1111,83257
2012-12-19,6.1111,6.2778,6.1013,6.2485,294076
2012-12-20,6.2092,6.2092,6.1111,6.1503,247236
2012-12-21,6.0915,6.1503,5.9934,6.0228,131769
2012-12-27,5.9639,6.1406,5.9639,6.1406,299703
2012-12-28,6.0915,6.1503,6.0817,6.0817,77619
2013-01-02,6.0915,6.4937,6.0915,6.4741,328130
2013-01-03,6.4741,6.6702,6.3367,6.6114,360196
2013-01-04,6.4937,6.6212,6.4545,6.5133,159761
2013-01-07,6.5133,6.6702,6.4741,6.5721,267815
2013-01-08,6.4741,6.6212,6.4741,6.5721,188102
2013-01-09,6.6016,6.7389,6.523,6.5427,279503
2013-01-10,6.5427,6.5721,6.4545,6.5329,204257
2013-01-11,6.6016,6.6114,6.3759,6.3759,155243
2013-01-14,6.4348,6.4545,6.1994,6.2092,268898
2013-01-15,6.1994,6.2289,6.1013,6.1111,298899
2013-01-16,6.1013,6.3662,5.9836,6.3662,460950
2013-01-17,6.3367,6.5329,6.2485,6.425,214460
2013-01-18,6.4642,6.582,6.3759,6.5721,310672
2013-01-21,6.5721,6.6212,6.4937,6.5624,64535
2013-01-22,6.5721,6.582,6.4741,6.5427,223014
2013-01-23,6.5525,6.5525,6.4446,6.523,79365
2013-01-24,6.4838,6.5525,6.4642,6.5329,69301
2013-01-25,6.5525,6.5624,6.4642,6.4937,87504
2013-01-28,6.4937,6.5427,6.4838,6.5034,101456
2013-01-29,6.5133,6.523,6.4838,6.5034,79335
2013-01-30,6.5034,6.5624,6.2092,6.4937,177137
2013-01-31,6.4152,6.6604,6.3759,6.5917,109584
2013-02-01,6.5917,6.6506,6.5525,6.6212,123839
2013-02-04,6.6702,7.0136,6.6702,6.8664,1016740
2013-02-05,6.9253,7.0626,6.9155,6.9253,916720
2013-02-06,6.9841,7.0037,6.6997,6.7487,310408
2013-02-07,6.7487,6.9351,6.6506,6.8272,200709
2013-02-08,6.8272,6.9056,6.7291,6.8173,80423
2013-02-11,6.7684,7.0136,6.7684,7.0136,365437
2013-02-12,6.9645,7.249,6.9449,7.1901,514151
2013-02-13,7.249,7.3765,7.1411,7.1411,449092
2013-02-14,7.1019,7.1705,6.9743,7.0233,268995
2013-02-15,7.0626,7.2098,7.0136,7.1803,93087
2013-02-18,7.2098,7.3372,7.1999,7.2882,135378
2013-02-19,7.2882,7.3078,7.1607,7.2098,153199
2013-02-20,7.2098,7.2588,7.0626,7.0626,233626
2013-02-21,6.9155,7.0528,6.886,7.043,313530
2013-02-22,7.043,7.2391,7.0136,7.1999,72744
2013-02-25,7.2098,7.2784,7.1705,7.2098,127156
2013-02-26,7.0626,7.1116,6.9155,7.0724,149829
2013-02-27,7.1901,7.1901,7.1019,7.1411,63646
2013-02-28,7.1607,7.1999,7.1019,7.1901,71952
2013-03-01,7.1999,7.1999,7.0823,7.1116,50580
2013-03-04,7.1116,7.2098,7.0724,7.1705,111043
2013-03-05,7.1215,7.5923,7.1215,7.455,498644
2013-03-06,7.4647,7.504,7.4158,7.4942,136685
2013-03-07,7.5433,7.6904,7.4451,7.5825,184032
2013-03-08,7.5923,7.6806,7.504,7.553,206831
2013-03-11,7.6021,7.7394,7.4354,7.553,177073
2013-03-12,7.553,7.6315,7.504,7.553,141505
2013-03-13,7.4844,7.5433,7.1803,7.3667,184839
2013-03-14,7.2784,7.553,7.2784,7.553,137460
2013-03-15,7.6315,7.6315,7.4746,7.4942,103265
2013-03-18,7.3176,7.4942,7.3176,7.4942,71703
2013-03-19,7.4158,7.4942,7.1019,7.249,297935
2013-03-20,7.1803,7.3568,7.1116,7.1312,322252
2013-03-21,7.1312,7.1312,6.7389,6.9841,1017889
2013-03-22,6.886,6.886,6.523,6.8468,207124
2013-03-25,6.8664,7.043,6.6898,6.8076,120082
2013-03-26,6.7684,6.7977,6.4446,6.7193,175826
2013-03-27,6.6016,6.7684,6.523,6.7193,98178
2013-03-28,6.7193,6.7389,6.5721,6.7389,144882
2013-04-02,6.6702,6.7291,6.4838,6.5917,66675
2013-04-03,6.4741,6.523,6.1895,6.4054,315247
2013-04-04,6.219,6.4054,6.219,6.3759,86707
2013-04-05,6.4054,6.7977,6.3073,6.68,113483
2013-04-08,6.8369,6.9253,6.7487,6.7684,205711
2013-04-09,6.788,6.7977,6.523,6.6016,53678
2013-04-10,6.7193,6.788,6.5525,6.7684,98436
2013-04-11,6.7684,6.788,6.7193,6.788,68169
2013-04-12,6.8173,6.8173,6.7585,6.788,36193
2013-04-15,6.8369,6.8369,6.6898,6.7487,32110
2013-04-17,6.7487,6.7487,6.5624,6.6212,117163
2013-04-18,6.6212,6.6212,6.219,6.5329,163897
2013-04-19,6.5034,6.5721,6.5034,6.5329,76026
2013-04-22,6.5329,6.6212,6.523,6.523,34211
2013-04-23,6.523,6.5721,6.4348,6.4348,80431
2013-04-24,6.5721,6.5917,6.3858,6.5917,97558
2013-04-25,6.5721,6.7684,6.5721,6.6702,39994
2013-04-26,6.68,7.0823,6.68,7.043,215790
2013-04-29,7.043,7.2588,7.043,7.2588,200565
2013-04-30,7.2588,7.3961,7.0724,7.3961,203111
2013-05-02,7.3961,7.3961,7.2588,7.2686,17686
2013-05-06,7.2195,7.2784,7.0626,7.1116,44435
2013-05-07,7.1607,7.5825,7.1116,7.553,417684
2013-05-08,7.553,7.6021,7.4059,7.5629,147777
2013-05-09,7.553,7.661,7.4158,7.6511,138225
2013-05-10,7.6511,7.7689,7.5727,7.661,195882
2013-05-13,7.5727,7.6021,7.3667,7.553,85825
2013-05-14,7.5433,7.553,7.3961,7.5433,44781
2013-05-15,7.5433,7.5433,7.0626,7.3863,138204
2013-05-16,7.2784,7.4255,7.249,7.4255,81095
2013-05-17,7.4844,7.6021,7.4255,7.5334,191470
2013-05-20,7.5923,8.0925,7.5334,7.8473,620420
2013-05-21,7.9454,7.9846,7.7983,7.7983,73793
2013-05-22,7.7493,7.9749,7.7198,7.916,124544
2013-05-23,7.7493,7.916,7.7394,7.916,88058
2013-05-24,7.916,8.3377,7.8866,8.2397,378352
2013-05-27,8.3377,8.4064,8.2103,8.3868,187302
2013-05-28,8.4064,8.5144,8.0729,8.4555,461018
2013-05-29,8.4555,8.6223,8.3672,8.6223,178635
2013-05-31,8.632,8.632,8.4457,8.6223,116575
2013-06-03,8.6124,8.6124,8.4457,8.4849,52577
2013-06-04,8.5045,8.6811,8.5045,8.583,106566
2013-06-05,8.583,8.583,8.328,8.5045,120478
2013-06-06,8.4849,8.5634,8.3868,8.5242,90612
2013-06-07,8.4653,8.583,8.4555,8.583,69002
2013-06-10,8.5732,8.7792,8.534,8.7792,222225
2013-06-11,8.8086,8.8184,8.6811,8.8184,106065
2013-06-12,8.8184,9.358,8.8184,9.3384,448680
2013-06-13,9.3384,9.4557,9.1225,9.1421,220794
2013-06-14,9.1421,9.3776,9.1225,9.3187,200781
2013-06-17,9.3187,9.3677,9.1225,9.3089,94807
2013-06-18,9.299,9.299,9.1519,9.1716,79374
2013-06-19,9.1912,9.1912,8.6811,8.789,291661
2013-06-20,8.583,8.6223,8.0436,8.3868,523659
2013-06-21,8.1907,8.6713,8.0533,8.3476,201100
2013-06-24,8.3868,8.583,8.3868,8.4947,85807
2013-06-25,8.4947,8.8282,8.4849,8.8282,70095
2013-06-26,8.8282,8.9263,8.534,8.9263,134275
2013-06-27,8.9263,9.1716,8.6516,9.0146,210415
2013-06-28,9.0637,9.0735,8.7792,9.0735,124307
2013-07-01,9.0637,9.0637,8.8773,9.0245,55810
2013-07-02,8.995,9.0245,8.7988,8.8184,63383
2013-07-03,8.7399,8.7988,8.534,8.7988,157559
2013-07-04,8.691,9.0342,8.691,9.0245,106051
2013-07-05,9.0833,9.1029,8.8871,8.9263,53792
2013-07-08,8.8773,8.9459,8.8282,8.9166,72494
2013-07-09,8.8479,8.9166,8.7302,8.8773,102824
2013-07-10,8.8969,8.9263,8.8282,8.8577,27974
2013-07-11,8.9067,9.299,8.9067,9.2108,154961
2013-07-12,9.2108,9.2206,9.1323,9.1421,82310
2013-07-15,9.201,9.201,9.0735,9.1127,5958
2013-07-16,9.1127,9.1127,8.9263,9.0245,55433
2013-07-17,9.0245,9.0441,8.9263,9.0245,153444
2013-07-18,9.0245,9.1716,8.9459,9.1519,97515
2013-07-19,9.3187,9.564,9.2305,9.4168,591343
2013-07-22,9.524,9.593,9.2402,9.3089,145452
2013-07-23,9.3187,9.4557,9.1618,9.4168,90361
2013-07-24,9.4557,9.505,9.2794,9.3677,56335
2013-07-25,9.4557,9.4656,9.2598,9.3776,96022
2013-07-26,9.4855,9.682,9.3776,9.643,213091
2013-07-29,9.672,10.574,9.662,10.447,617324
2013-07-30,10.447,10.584,10.064,10.476,352787
2013-07-31,10.574,10.574,10.447,10.496,103136
2013-08-01,10.506,10.79,10.104,10.104,480066
2013-08-02,10.3,10.388,9.868,10.182,312963
2013-08-05,10.005,10.251,9.908,10.251,273638
2013-08-06,10.261,10.378,10.192,10.221,264803
2013-08-07,10.201,10.348,10.201,10.3,112642
2013-08-08,10.32,10.496,10.28,10.398,242142
2013-08-09,10.407,10.496,10.3,10.467,178083
2013-08-12,10.476,10.486,10.32,10.486,84531
2013-08-13,10.447,10.986,10.447,10.849,459216
2013-08-14,10.918,11.182,10.859,11.084,427471
2013-08-16,11.114,11.153,10.976,11.075,143594
2013-08-19,11.134,11.134,10.692,10.869,234537
2013-08-20,10.819,10.819,10.544,10.692,157410
2013-08-21,10.702,11.633,10.702,11.418,361207
2013-08-22,11.614,11.839,11.34,11.771,462231
2013-08-23,11.869,11.889,11.742,11.859,162464
2013-08-26,11.859,11.859,11.487,11.496,186924
2013-08-27,11.487,11.781,10.839,11.192,464689
2013-08-28,11.084,11.771,10.692,11.575,556598
2013-08-29,11.771,12.281,11.732,12.281,525054
2013-08-30,12.261,12.418,12.065,12.134,230650
2013-09-02,12.065,12.418,11.82,11.958,180721
2013-09-03,12.144,12.261,11.968,12.154,207941
2013-09-04,12.164,12.447,11.859,11.938,1885616
2013-09-05,11.869,11.869,10.712,11.82,1068707
2013-09-06,11.82,12.33,11.624,12.193,152022
2013-09-09,12.261,12.33,12.045,12.212,107763
2013-09-10,12.281,12.35,12.036,12.114,300896
2013-09-11,12.212,12.831,11.889,12.693,795913
2013-09-12,12.693,13.125,12.556,13.095,383361
2013-09-13,13.144,13.487,12.899,13.487,324737
2013-09-16,13.537,13.723,12.958,13.331,253275
2013-09-17,13.39,13.497,12.928,13.439,298995
2013-09-18,13.439,13.449,13.194,13.291,198322
2013-09-19,13.459,13.665,13.243,13.487,152516
2013-09-20,13.556,13.556,13.243,13.497,162059
2013-09-23,13.487,13.576,13.36,13.39,82029
2013-09-24,13.487,13.527,13.36,13.477,106691
2013-09-25,13.439,14.311,13.252,14.311,463853
2013-09-26,14.321,14.517,14.125,14.507,200641
2013-09-27,14.517,14.517,14.36,14.517,147325
2013-09-30,14.517,14.881,14.439,14.576,362984
2013-10-01,14.557,14.616,14.42,14.616,62485
2013-10-02,14.685,14.685,14.616,14.626,35627
2013-10-03,14.665,14.812,14.42,14.537,138097
2013-10-04,14.616,14.616,13.958,14.616,261223
2013-10-07,14.616,14.655,14.077,14.459,186232
2013-10-08,14.39,14.4,14.145,14.273,44992
2013-10-09,14.174,14.184,13.144,13.909,1114893
2013-10-10,13.929,14.469,13.733,14.469,255903
2013-10-11,14.517,14.566,14.125,14.194,712249
2013-10-14,14.125,14.321,13.929,14.204,118811
2013-10-15,14.204,14.223,13.978,13.978,114437
2013-10-16,13.988,13.988,13.449,13.919,361620
2013-10-17,13.929,13.978,13.635,13.723,153681
2013-10-18,13.507,13.978,13.194,13.929,274573
2013-10-21,13.988,14.449,13.988,14.321,412241
2013-10-22,14.517,14.782,14.125,14.125,359927
2013-10-23,14.204,14.321,14.174,14.194,69832
2013-10-24,14.273,14.37,14.105,14.223,114538
2013-10-25,14.223,14.695,14.008,14.616,176841
2013-10-28,14.704,14.851,14.429,14.665,175593
2013-10-29,14.675,14.713,14.517,14.704,117610
2013-10-30,14.713,15.4,14.479,15.077,322930
2013-10-31,15.204,15.44,15.106,15.204,251804
2013-11-04,15.499,15.636,15.371,15.567,303383
2013-11-05,15.695,15.695,15.449,15.479,176363
2013-11-06,15.499,15.567,15.293,15.449,147473
2013-11-07,15.449,15.538,15.351,15.351,48171
2013-11-08,15.449,15.449,14.91,15.204,147763
2013-11-12,15.646,15.675,15.253,15.43,66913
2013-11-13,15.479,15.479,14.91,15.008,159830
2013-11-14,14.91,15.361,14.822,15.303,91878
2013-11-15,15.351,15.499,15.214,15.303,80987
2013-11-18,15.4,15.449,15.204,15.234,74297
2013-11-19,15.4,15.4,14.881,15.008,160707
2013-11-20,14.91,15.341,14.713,15.253,142989
2013-11-21,15.332,16.077,15.057,16.077,455134
2013-11-22,16.185,16.382,15.94,16.185,124778
2013-11-25,16.313,16.578,15.4,16.578,633666
2013-11-26,16.479,16.626,16.107,16.529,940473
2013-11-27,16.136,16.626,16.018,16.529,322697
2013-11-28,16.529,16.822,16.283,16.283,286792
2013-11-29,16.283,16.529,16.195,16.43,63251
2013-12-02,16.558,16.558,16.087,16.107,64591
2013-12-03,16.048,16.166,15.891,16.127,60817
2013-12-04,16.175,16.175,14.929,15.891,486791
2013-12-05,15.901,15.901,15.724,15.881,51622
2013-12-06,15.881,16.204,15.744,15.94,91734
2013-12-09,16.038,16.283,16.038,16.058,47512
2013-12-10,16.077,16.136,15.792,16.127,117354
2013-12-11,16.087,16.185,15.998,16.038,34699
2013-12-12,15.891,15.921,15.499,15.685,126304
2013-12-13,15.606,15.773,15.106,15.303,206332
2013-12-16,15.293,16.038,14.929,16.038,302027
2013-12-17,15.989,16.283,15.989,16.038,257980
2013-12-18,16.038,16.185,16.038,16.038,251251
2013-12-19,16.185,16.382,16.087,16.234,597177
2013-12-20,16.382,16.626,16.333,16.578,513033
2013-12-23,16.656,16.97,16.656,16.97,220601
2013-12-27,17.068,17.412,17.068,17.264,225449
2013-12-30,17.264,17.264,17.078,17.206,292381
2014-01-02,17.166,17.166,17.048,17.068,142063
2014-01-03,17.018,17.018,16.901,16.96,91860
2014-01-07,17.068,17.068,16.529,16.666,209321
2014-01-08,16.578,16.695,16.195,16.578,200065
2014-01-09,16.675,16.675,16.469,16.519,82677
2014-01-10,16.313,16.479,16.185,16.479,229190
2014-01-13,16.568,17.058,16.45,16.479,163904
2014-01-14,16.529,16.812,16.42,16.656,70230
2014-01-15,16.656,17.303,16.656,17.018,299262
2014-01-16,17.264,17.509,17.068,17.313,361600
2014-01-17,17.45,17.47,16.881,16.931,200433
2014-01-20,16.921,17.216,16.891,16.931,169272
2014-01-21,17.166,17.735,16.97,17.656,367050
2014-01-22,17.666,17.834,17.608,17.656,359338
2014-01-23,17.656,18.03,17.628,17.951,323451
2014-01-24,18.01,18.049,17.901,18,179230
2014-01-27,17.951,18.058,17.216,17.99,248814
2014-01-28,18,18.039,17.715,17.804,124915
2014-01-29,17.852,17.99,17.804,17.99,72171
2014-01-30,17.99,17.99,17.656,17.872,92203
2014-01-31,17.872,18,17.843,17.99,67110
2014-02-03,17.99,18.137,17.755,17.852,162905
2014-02-04,17.656,17.892,17.46,17.774,50045
2014-02-05,17.774,17.774,17.656,17.696,82622
2014-02-06,17.666,18.049,17.333,17.509,225053
2014-02-07,17.608,17.656,17.45,17.598,104938
2014-02-10,17.656,17.931,17.509,17.568,109092
2014-02-11,17.745,17.745,17.519,17.608,76173
2014-02-12,17.646,17.656,16.479,17.313,270968
2014-02-13,17.293,17.313,16.675,17.284,266520
2014-02-14,17.362,17.46,17.018,17.323,72025
2014-02-17,17.412,17.45,17.068,17.068,72997
2014-02-18,17.068,17.333,16.774,17.323,188213
2014-02-19,17.422,17.46,17.216,17.323,85991
2014-02-20,17.264,17.264,16.872,17.156,73233
2014-02-21,17.156,17.156,16.872,16.921,110388
2014-02-24,16.911,17.018,16.832,16.97,88358
2014-02-25,16.97,16.97,16.774,16.784,83415
2014-02-26,16.774,16.842,16.283,16.479,232554
2014-02-27,16.382,16.921,16.254,16.391,568537
2014-02-28,16.401,17.166,16.401,17.166,153157
2014-03-03,16.675,16.675,15.008,16.136,905121
2014-03-04,16.087,16.822,16.087,16.774,177242
2014-03-05,16.822,17.117,16.479,16.529,176107
2014-03-06,16.578,17.048,16.568,16.685,160875
2014-03-07,16.872,17.038,16.626,16.626,132781
2014-03-10,16.626,16.891,16.46,16.626,214247
2014-03-11,16.626,16.675,16.41,16.43,33740
2014-03-12,14.037,15.165,13.879,14.713,2374404
2014-03-13,14.713,14.861,13.439,13.733,846434
2014-03-14,13.497,13.527,12.713,12.713,1119884
2014-03-17,12.752,14.969,12.752,14.685,911010
2014-03-18,14.685,14.685,14.037,14.077,707521
2014-03-19,14.214,14.507,13.871,13.978,566338
2014-03-20,13.978,14.223,13.929,14.223,434912
2014-03-21,14.331,15.155,14.331,14.713,700576
2014-03-24,14.959,15.008,14.616,14.812,194448
2014-03-25,14.91,14.91,14.812,14.901,69143
2014-03-26,14.929,15.449,14.901,15.077,325462
2014-03-27,15.253,15.303,15.008,15.126,281372
2014-03-28,15.204,15.351,15.106,15.106,405928
2014-03-31,15.214,15.351,15.028,15.028,301774
2014-04-01,15.263,15.42,15.126,15.303,285664
2014-04-02,15.351,15.685,15.351,15.596,115954
2014-04-03,15.616,15.792,15.548,15.695,96310
2014-04-04,15.695,15.695,15.283,15.469,89793
2014-04-07,15.204,15.273,14.812,14.939,135213
2014-04-08,14.959,15.097,14.871,14.91,37154
2014-04-09,14.91,15.204,14.91,14.969,42238
2014-04-10,15.155,15.155,14.626,14.626,100182
2014-04-11,14.586,14.782,14.42,14.489,115719
2014-04-14,14.42,14.42,14.057,14.321,119379
2014-04-15,14.223,14.273,14.125,14.125,49042
2014-04-16,14.135,14.301,13.939,13.968,189890
2014-04-17,14.027,14.41,14.027,14.341,53463
2014-04-22,14.665,14.812,14.606,14.763,69804
2014-04-23,14.861,14.969,14.616,14.733,39232
2014-04-24,14.713,14.851,14.233,14.42,84845
2014-04-25,14.42,14.616,14.253,14.616,30730
2014-04-28,14.616,14.782,14.439,14.616,50542
2014-04-29,14.763,14.763,14.517,14.713,20530
2014-04-30,14.713,14.713,14.557,14.704,28076
2014-05-02,14.695,14.695,14.42,14.42,45331
2014-05-05,14.557,14.685,14.057,14.115,182141
2014-05-06,14.115,14.321,14.077,14.077,12785
2014-05-07,14.077,14.095,13.252,13.733,285566
2014-05-08,13.782,14.184,13.782,13.998,82780
2014-05-09,13.988,14.095,13.683,13.683,321382
2014-05-12,13.673,13.673,13.439,13.635,49613
2014-05-13,13.635,13.909,13.635,13.909,71338
2014-05-14,13.929,14.067,13.752,13.978,63389
2014-05-15,14.214,14.214,13.978,13.978,28679
2014-05-16,13.782,13.899,13.36,13.742,28161
2014-05-19,13.802,14.095,13.742,14.095,199300
2014-05-20,14.145,14.223,13.929,13.948,31136
2014-05-21,13.929,13.978,13.929,13.929,96582
2014-05-22,13.948,14.566,13.948,14.566,66008
2014-05-23,14.704,14.978,14.38,14.38,66661
2014-05-26,14.547,14.713,14.42,14.606,18791
2014-05-27,14.665,14.704,14.517,14.517,13915
2014-05-28,14.635,14.635,14.469,14.517,14861
2014-05-29,14.596,14.655,14.479,14.606,19318
2014-05-30,14.606,14.91,14.429,14.91,163599
2014-06-02,15.008,15.293,14.959,15.106,54458
2014-06-03,15.194,15.204,15.057,15.087,101898
2014-06-04,15.194,15.194,15.028,15.028,57705
2014-06-05,15.057,15.979,15.057,15.842,533883
2014-06-06,16.136,16.735,16.117,16.185,654768
2014-06-09,16.626,16.626,16.244,16.43,148897
2014-06-10,16.626,16.626,16.254,16.264,110501
2014-06-11,16.352,16.352,15.901,15.96,195990
2014-06-12,16.008,16.185,15.989,16.185,36951
2014-06-13,16.214,16.214,15.783,15.792,113062
2014-06-16,15.715,15.94,15.214,15.94,96996
2014-06-17,16.127,16.136,15.881,15.989,69850
2014-06-18,16.146,16.382,16.058,16.382,39522
2014-06-20,16.372,16.597,16.303,16.41,49363
2014-06-23,16.185,16.273,15.792,16.038,85063
2014-06-24,16.028,16.028,15.518,15.577,89314
2014-06-25,15.548,15.548,14.822,15.145,173898
2014-06-26,15.145,15.41,14.832,15.008,95723
2014-06-27,15.057,15.057,14.606,14.713,151258
2014-06-30,14.792,14.978,14.723,14.949,42969
2014-07-01,14.959,15.047,14.743,14.782,39342
2014-07-02,14.871,15.126,14.822,14.91,52204
2014-07-03,15.008,15.087,14.017,14.713,73629
2014-07-04,14.91,14.959,14.566,14.782,28738
2014-07-07,14.812,14.901,14.713,14.713,12172
2014-07-08,14.91,15.047,14.832,15.008,59143
2014-07-09,14.939,15.106,14.929,14.939,26573
2014-07-10,15.018,15.204,14.763,14.792,21921
2014-07-11,14.91,14.949,14.616,14.665,42325
2014-07-14,14.851,14.988,14.439,14.439,48142
2014-07-15,14.517,14.695,14.517,14.566,21534
2014-07-16,14.665,14.713,14.517,14.557,32137
2014-07-17,14.596,14.645,14.527,14.616,17957
2014-07-18,14.38,15.057,14.077,14.959,144129
2014-07-21,14.959,15.067,14.713,15.037,86188
2014-07-22,15.037,15.135,14.978,15.126,169215
2014-07-23,15.184,15.459,15.037,15.303,75441
2014-07-24,15.4,15.4,15.008,15.204,43582
2014-07-25,15.273,15.44,15.263,15.332,31701
2014-07-28,15.361,15.42,15.018,15.204,29494
2014-07-29,15.303,15.303,15.047,15.204,45278
2014-07-30,15.106,15.204,14.949,15.116,231694
2014-07-31,15.145,15.145,15.008,15.008,22864
2014-08-01,14.949,15.224,14.665,14.772,117310
2014-08-04,14.713,15.008,14.517,14.959,43533
2014-08-05,15.057,15.204,15.018,15.106,82693
2014-08-06,15.155,15.155,14.743,14.792,24419
2014-08-07,14.861,14.861,14.125,14.194,114964
2014-08-08,14.154,14.223,13.635,14.223,198267
2014-08-11,14.38,14.616,14.321,14.616,45469
2014-08-12,14.665,14.665,14.233,14.489,18854
2014-08-13,14.489,14.713,14.321,14.713,24204
2014-08-14,14.763,15.008,14.753,15.008,39180
2014-08-18,15.008,15.135,14.861,14.959,120436
2014-08-19,14.969,15.459,14.969,15.39,185261
2014-08-20,15.39,15.548,15.214,15.548,61088
2014-08-21,15.596,15.911,15.596,15.891,132620
2014-08-22,15.921,15.94,15.499,15.744,58662
2014-08-25,15.763,15.773,15.351,15.499,35567
2014-08-26,15.489,15.499,15.351,15.4,27470
2014-08-27,15.499,15.744,15.449,15.695,43978
2014-08-28,15.695,15.744,14.861,14.939,101346
2014-08-29,14.929,15.479,14.92,15.204,62299
2014-09-01,15.234,15.4,15.155,15.155,67219
2014-09-02,15.184,15.253,15.106,15.253,102090
2014-09-03,15.253,15.773,15.204,15.548,160860
2014-09-04,15.655,15.655,15.44,15.586,47709
2014-09-05,15.685,15.695,15.596,15.675,42657
2014-09-08,15.705,15.754,15.626,15.695,28064
2014-09-09,15.695,16.42,15.695,16.283,230597
2014-09-10,16.204,16.529,16.204,16.43,89741
2014-09-11,16.578,16.578,16.382,16.578,161240
2014-09-12,16.538,16.578,16.008,16.293,88418
2014-09-15,16.293,16.489,16.038,16.382,42913
2014-09-16,16.382,16.626,16.333,16.568,35984
2014-09-17,16.646,16.901,16.626,16.675,139365
2014-09-18,16.774,16.872,16.42,16.42,122617
2014-09-19,16.45,16.842,16.44,16.44,88681
2014-09-22,16.675,16.725,16.382,16.41,19493
2014-09-23,16.519,16.666,16.293,16.293,52184
2014-09-24,16.283,16.479,16.185,16.273,34470
2014-09-25,16.293,16.578,16.293,16.293,26488
2014-09-26,16.283,16.283,16.234,16.273,17263
2014-09-29,16.283,16.382,16.273,16.273,20621
2014-09-30,16.264,16.43,16.264,16.273,83368
2014-10-01,16.372,16.372,16.264,16.273,55696
2014-10-02,16.185,16.333,16.018,16.313,69712
2014-10-03,16.362,16.382,16.283,16.382,14533
2014-10-06,16.479,16.626,16.479,16.626,34021
2014-10-07,16.656,16.666,16.43,16.646,17549
2014-10-08,16.372,16.588,16.372,16.42,10665
2014-10-09,16.479,16.626,16.372,16.538,44505
2014-10-10,16.382,16.469,15.116,16.087,65998
2014-10-13,16.273,16.273,15.724,15.842,232208
2014-10-14,15.646,15.832,15.067,15.4,186193
2014-10-15,15.499,15.685,15.106,15.165,51594
2014-10-16,15.165,15.351,15.018,15.263,279275
2014-10-17,15.341,15.842,15.341,15.842,41502
2014-10-20,15.861,16.185,15.842,15.95,45579
2014-10-21,16.087,16.175,15.891,16.146,26508
2014-10-22,16.195,16.382,15.96,16.107,24811
2014-10-23,16.107,16.283,16.107,16.185,73463
2014-10-24,16.204,16.333,16.136,16.333,35020
2014-10-27,16.362,16.43,16.244,16.382,88475
2014-10-28,16.382,16.46,16.283,16.362,81273
2014-10-29,16.362,16.382,16.185,16.352,27594
2014-10-30,16.372,16.372,16.214,16.333,48539
2014-10-31,16.372,16.382,16.214,16.382,23619
2014-11-03,16.283,16.333,16.244,16.323,80117
2014-11-04,16.333,16.685,16.293,16.519,166391
2014-11-05,16.479,16.578,16.382,16.41,60165
2014-11-06,16.41,16.675,16.382,16.626,45667
2014-11-07,16.626,16.626,16.185,16.254,58464
2014-11-10,16.382,16.382,16.038,16.136,16026
2014-11-12,16.224,16.224,15.891,16.077,45416
2014-11-13,15.911,16.234,15.802,15.969,30100
2014-11-14,15.852,16.136,15.842,16.127,14792
2014-11-17,16.127,16.333,15.891,16.166,67729
2014-11-18,16.166,16.616,16.107,16.578,199817
2014-11-19,16.685,17.45,16.685,17.392,555018
2014-11-20,17.392,17.46,17.048,17.362,129948
2014-11-21,17.46,17.755,17.44,17.608,375709
2014-11-24,17.725,17.872,17.539,17.646,152608
2014-11-25,17.656,17.656,17.097,17.636,116079
2014-11-26,17.598,17.656,17.47,17.509,69408
2014-11-27,17.608,17.608,17.087,17.166,107761
2014-11-28,17.402,17.402,17.147,17.196,57714
2014-12-01,17.196,17.362,17.078,17.087,36320
2014-12-02,17.264,17.636,17.087,17.636,121952
2014-12-03,17.559,18.03,17.47,17.529,283346
2014-12-04,17.509,17.559,16.891,17.058,200091
2014-12-05,17.087,17.254,16.97,17.068,112603
2014-12-08,17.362,17.412,16.794,16.97,178905
2014-12-09,15.303,16.479,15.303,16.264,1153972
2014-12-10,16.45,16.764,16.333,16.479,104211
2014-12-11,16.509,16.626,15.842,15.842,130395
2014-12-12,15.842,16.166,15.695,15.695,96979
2014-12-15,15.695,15.94,15.596,15.911,95496
2014-12-16,15.891,15.911,15.312,15.911,161294
2014-12-17,15.94,15.979,15.636,15.891,29621
2014-12-18,16.146,16.283,15.754,16.224,100666
2014-12-19,16.382,16.382,15.881,15.881,73479
2014-12-22,15.96,16.136,15.792,15.842,131819
2014-12-23,15.842,16.136,15.812,16.058,155729
2014-12-29,16.058,16.166,15.989,16.048,35309
2014-12-30,16.087,16.45,16.058,16.382,206929
2015-01-02,16.764,16.764,16.283,16.479,40570
2015-01-05,16.529,16.529,16.283,16.303,37425
2015-01-07,16.333,16.529,16.185,16.519,49998
2015-01-08,16.529,16.529,16.372,16.499,65710
2015-01-09,16.578,16.656,16.46,16.529,41034
2015-01-12,16.626,16.626,16.391,16.597,101494
2015-01-13,16.597,16.606,16.479,16.489,20748
2015-01-14,16.43,16.578,16.333,16.372,35467
2015-01-15,16.372,16.479,15.744,15.891,197732
2015-01-16,15.989,15.998,15.675,15.695,107240
2015-01-19,15.891,15.94,15.685,15.685,83655
2015-01-20,15.744,15.754,15.499,15.548,75939
2015-01-21,15.685,15.734,15.646,15.734,79446
2015-01-22,15.744,16.283,15.744,15.989,167752
2015-01-23,16.254,16.254,15.989,15.989,74194
2015-01-26,16.273,16.273,15.96,15.96,93796
2015-01-27,16.127,16.273,15.911,15.911,91105
2015-01-28,15.989,16.038,15.646,15.695,246030
2015-01-29,15.695,15.792,15.538,15.744,254354
2015-01-30,15.852,16.087,15.842,15.891,38590
2015-02-02,16.136,16.136,15.646,15.695,67348
2015-02-03,15.852,15.891,15.646,15.744,60373
2015-02-04,15.695,15.861,15.596,15.744,51417
2015-02-05,15.871,15.871,15.596,15.695,44920
2015-02-06,15.783,16.156,15.744,16.097,82656
2015-02-09,16.087,16.087,15.852,15.852,38466
2015-02-10,15.891,16.077,15.891,15.891,16655
2015-02-11,16.038,16.136,15.891,15.989,29890
2015-02-12,16.018,16.127,15.705,15.744,36714
2015-02-13,15.93,15.989,15.792,15.969,31561
2015-02-16,16.048,16.283,15.969,16.185,100084
2015-02-17,16.185,16.333,16.087,16.264,42828
2015-02-18,16.234,16.479,16.185,16.244,43138
2015-02-19,16.42,16.42,16.146,16.244,23518
2015-02-20,16.283,16.283,16.087,16.107,29989
2015-02-23,16.136,16.333,16.136,16.283,103295
2015-02-24,16.264,16.43,16.185,16.43,37907
2015-02-25,16.43,17.018,16.382,16.774,144376
2015-02-26,16.921,17.127,16.872,16.97,173722
2015-02-27,17.018,17.46,16.941,17.313,257916
2015-03-02,17.313,17.843,17.313,17.715,198980
2015-03-03,17.804,17.941,17.755,17.834,99151
2015-03-04,17.852,17.862,17.156,17.705,160610
2015-03-05,17.705,18.049,17.568,18,117871
2015-03-06,18.049,18.638,17.951,18.442,378635
2015-03-09,18.442,18.442,18.176,18.274,157822
2015-03-10,18.442,18.638,18.422,18.519,202038
2015-03-11,18.638,18.638,18.058,18.147,301290
2015-03-12,18.117,18.392,17.755,18.196,171695
2015-03-13,18.245,18.343,18.078,18.157,59570
2015-03-16,18.157,18.519,18.107,18.51,59928
2015-03-17,18.519,18.519,18.264,18.323,46012
2015-03-18,18.323,18.323,17.98,18.196,57167
2015-03-19,18.167,18.313,18.098,18.176,80274
2015-03-20,18.058,18.294,17.97,17.97,283738
2015-03-23,17.97,19.02,17.97,18.873,422241
2015-03-24,19,19.246,18.834,19.226,274131
2015-03-25,19.266,19.422,18.834,18.883,212204
2015-03-26,18.834,18.961,18.657,18.834,79104
2015-03-27,18.834,18.892,18.549,18.824,154399
2015-03-30,18.931,19.333,18.824,19.324,129637
2015-03-31,19.275,19.324,19.226,19.305,82383
2015-04-01,19.314,20.393,19.226,20.001,520981
2015-04-02,20.246,20.795,20.04,20.501,761804
2015-04-07,20.648,21.08,20.648,20.894,442798
2015-04-08,21.09,21.149,20.805,20.874,300182
2015-04-09,20.854,20.894,20.413,20.698,229819
2015-04-10,20.854,20.874,20.109,20.207,229591
2015-04-13,20.551,20.795,20.315,20.747,99678
2015-04-14,20.757,20.991,20.492,20.805,143254
2015-04-15,20.795,20.844,20.403,20.757,161543
2015-04-16,20.766,20.943,20.511,20.933,830048
2015-04-17,21.07,21.266,20.795,20.834,163468
2015-04-20,20.834,21.08,20.668,20.785,192513
2015-04-21,20.884,20.991,20.511,20.589,172009
2015-04-22,20.698,20.698,20.531,20.688,126786
2015-04-23,20.698,20.698,19.137,20.06,266412
2015-04-24,20.109,20.286,19.275,19.618,242676
2015-04-27,19.618,19.903,19.226,19.383,358764
2015-04-28,19.501,20.511,19.324,20.256,216566
2015-04-29,20.599,20.707,20.011,20.089,95182
2015-04-30,20.295,20.295,19.628,20.295,95607
2015-05-04,20.354,20.707,20.354,20.599,127657
2015-05-05,20.599,20.629,20.256,20.354,103395
2015-05-06,20.403,20.521,20.011,20.256,144082
2015-05-07,20.119,20.207,19.913,20.06,94857
2015-05-08,20.207,20.599,20.06,20.345,189683
2015-05-11,20.727,21.59,20.403,21.59,654430
2015-05-12,22.561,22.953,22.07,22.797,880335
2015-05-13,23.464,25.249,23.346,24.415,1558676
2015-05-14,24.67,24.67,23.1,24.023,655885
2015-05-15,24.003,24.514,23.621,24.229,388169
2015-05-18,24.71,25.396,23.964,24.522,886397
2015-05-19,24.964,24.964,21.658,22.953,1589656
2015-05-20,22.561,23.827,21.708,23.179,1913483
2015-05-21,23.483,23.611,22.855,23.522,391563
2015-05-22,23.444,23.512,23.013,23.316,221020
2015-05-25,23.013,23.052,22.139,22.953,299299
2015-05-26,22.846,23.522,22.532,23.052,408429
2015-05-27,22.963,23.512,22.963,23.12,167919
2015-05-28,23.199,23.483,23.199,23.316,175933
2015-05-29,23.316,23.777,23.179,23.777,456379
2015-06-01,23.542,23.542,23.003,23.209,217114
2015-06-02,23.159,23.365,22.227,22.414,293345
2015-06-03,22.189,22.404,21.787,21.787,342735
2015-06-05,21.581,21.581,20.217,20.815,534448
2015-06-08,20.157,20.599,19.285,19.932,712518
2015-06-09,19.618,24.033,19.549,24.013,1708707
2015-06-10,24.514,25.298,22.993,22.993,1917684
2015-06-11,23.1,23.591,22.09,22.237,662830
2015-06-12,22.266,22.708,21.924,22.13,453259
2015-06-15,21.727,23.1,21.609,22.875,435992
2015-06-16,23.052,23.689,23.003,23.532,498880
2015-06-17,23.532,23.914,22.953,23.248,434972
2015-06-18,23.15,23.689,22.914,23.64,410807
2015-06-19,23.728,23.728,23.248,23.248,208102
2015-06-22,23.375,23.483,23.248,23.425,121959
2015-06-23,23.493,23.542,23.346,23.444,104354
2015-06-24,23.522,23.522,23.071,23.395,184918
2015-06-25,23.395,24.415,23.258,24.033,462298
2015-06-26,24.13,24.219,23.748,23.934,94364
2015-06-29,22.659,23.542,22.365,23.052,414911
2015-06-30,23.15,23.326,22.953,23.326,186008
2015-07-01,23.434,24.219,23.248,23.846,219720
2015-07-02,23.846,24.179,23.846,24.033,177750
2015-07-03,24.033,24.11,23.886,24.033,138342
2015-07-06,23.542,24.033,23.542,23.836,93066
2015-07-07,23.846,24.13,23.179,23.277,226031
2015-07-08,23.444,23.64,23.277,23.562,143733
2015-07-09,23.738,24.229,23.542,24.082,172521
2015-07-10,24.229,25.209,24.229,25.013,417929
2015-07-13,25.357,25.984,24.847,25.504,688756
2015-07-14,25.504,25.641,25.112,25.308,146906
2015-07-15,25.298,25.798,24.729,25.621,267949
2015-07-16,25.994,26.289,25.71,26.181,303153
2015-07-17,26.239,26.269,25.886,26.171,90757
2015-07-20,26.289,26.416,25.916,25.994,208170
2015-07-21,26.043,26.249,25.209,25.259,245103
2015-07-22,25.308,25.778,25.112,25.435,159853
2015-07-23,25.553,26.092,25.16,25.798,126809
2015-07-24,25.847,25.857,25.602,25.749,49915
2015-07-27,25.749,25.994,25.504,25.651,169114
2015-07-28,25.553,25.886,25.405,25.474,72129
2015-07-29,25.671,25.798,25.357,25.445,184101
2015-07-30,25.445,25.602,25.405,25.514,159920
2015-07-31,25.602,26.092,25.602,25.994,116596
2015-08-03,26.191,26.191,25.896,26.181,134664
2015-08-04,26.191,26.975,26.092,26.779,496266
2015-08-05,26.926,27.152,26.298,26.916,289899
2015-08-06,26.916,27.053,26.289,26.348,181124
2015-08-07,26.289,26.975,26.152,26.583,107731
2015-08-10,26.818,26.975,26.681,26.916,80660
2015-08-11,26.985,27.417,26.985,27.025,208650
2015-08-12,27.025,27.259,27.015,27.025,152484
2015-08-13,27.132,27.544,27.034,27.211,268599
2015-08-14,27.338,27.338,27.083,27.162,95643
2015-08-17,27.211,27.221,26.328,26.641,169397
2015-08-18,26.828,26.828,26.092,26.348,207121
2015-08-19,26.348,27.005,26.308,26.779,137274
2015-08-20,26.779,26.857,26.485,26.534,210064
2015-08-21,26.485,26.809,26.21,26.475,230922
2015-08-24,25.514,25.514,21.59,24.326,1290994
2015-08-25,24.14,26.554,23.748,25.994,641033
2015-08-26,26.387,27.005,24.827,25.504,1204218
2015-08-27,25.994,26.289,23.542,24.72,979779
2015-08-28,24.326,24.522,22.884,22.914,848181
2015-08-31,23.032,23.836,22.953,23.836,355721
2015-09-01,23.836,24.082,23.336,23.817,355540
2015-09-02,23.817,24.425,23.817,24.179,202181
2015-09-03,24.425,25.062,24.179,25.062,246980
2015-09-04,25.357,25.357,24.572,25.19,231594
2015-09-07,25.19,25.19,24.082,24.356,211450
2015-09-08,24.229,24.964,24.062,24.964,152942
2015-09-09,25.033,25.16,24.454,24.454,199962
2015-09-10,24.454,24.68,24.062,24.13,190119
2015-09-11,24.435,24.66,23.562,24.268,353853
2015-09-14,24.522,24.522,23.876,24.494,213907
2015-09-15,24.425,24.425,24.052,24.405,250959
2015-09-16,24.425,25.092,24.248,25.092,318864
2015-09-17,25.16,26.092,25.131,25.641,710390
2015-09-18,25.896,25.896,24.916,25.366,336456
2015-09-21,25.455,25.778,25.455,25.73,393376
2015-09-22,25.798,25.984,25.72,25.798,246042
2015-09-23,25.798,25.896,25.602,25.759,284967
2015-09-24,25.68,25.896,25.602,25.896,174452
2015-09-25,25.808,26.583,25.641,26.289,365383
2015-09-28,26.485,26.504,25.671,25.769,194607
2015-09-29,25.553,26.142,25.013,25.847,313282
2015-09-30,25.72,26.455,25.72,26.416,231399
2015-10-01,26.445,26.445,25.788,25.788,153725
2015-10-02,25.808,26.161,25.769,26.092,138661
2015-10-05,26.171,26.289,25.994,25.994,160612
2015-10-06,26.043,26.906,26.043,26.76,306737
2015-10-07,26.828,26.975,25.337,25.405,1544556
2015-10-08,25.641,26.171,25.524,26.053,194484
2015-10-09,26.22,26.681,26.191,26.298,158306
2015-10-12,26.485,26.583,26.298,26.583,199538
2015-10-13,26.583,26.583,26.112,26.406,60750
2015-10-14,26.406,26.426,26.122,26.229,60372
2015-10-15,26.229,26.583,26.023,26.485,258579
2015-10-16,26.485,26.524,26.092,26.524,122622
2015-10-19,26.485,26.485,26.023,26.152,91507
2015-10-20,26.092,26.289,25.611,26.181,148435
2015-10-21,26.171,26.485,25.975,26.289,133759
2015-10-22,26.426,26.455,26.142,26.289,127399
2015-10-23,26.289,26.289,26.043,26.043,112389
2015-10-26,25.946,26.544,25.896,26.475,132645
2015-10-27,26.455,26.465,26.308,26.377,146829
2015-10-28,26.377,26.445,26.102,26.445,74157
2015-10-29,26.387,26.435,25.916,26.142,75250
2015-10-30,25.994,26.289,25.994,26.092,93387
2015-11-02,26.435,26.435,26.152,26.387,197209
2015-11-03,26.387,26.651,26.239,26.465,279885
2015-11-04,26.318,26.534,26.2,26.426,206803
2015-11-05,26.289,26.406,26.014,26.142,76884
2015-11-06,26.142,26.142,25.994,26.043,123959
2015-11-09,26.377,26.377,25.994,26.053,83625
2015-11-10,25.994,26.053,25.504,25.788,216882
2015-11-12,24.474,24.906,23.444,23.856,561595
2015-11-13,23.856,24.013,21.973,22.051,609210
2015-11-16,22.07,22.875,21.05,22.561,669955
2015-11-17,23.042,23.748,22.855,23.248,244454
2015-11-18,23.532,23.532,22.296,22.561,188623
2015-11-19,22.561,23.032,21.884,22.276,157883
2015-11-20,22.169,22.688,22.07,22.07,124186
2015-11-23,22.179,22.316,21.246,21.286,200012
2015-11-24,21.237,21.924,20.923,20.923,341376
2015-11-25,20.923,23.493,20.923,22.335,266093
2015-11-26,22.335,22.757,22.07,22.355,133758
2015-11-27,22.63,22.855,22.482,22.807,204260
2015-11-30,23.052,23.052,22.159,22.159,113174
2015-12-01,22.266,22.551,22.266,22.463,130604
2015-12-02,22.482,22.728,22.08,22.561,123104
2015-12-03,22.561,22.561,21.806,22.021,147775
2015-12-04,21.874,22.463,21.6,22.375,297803
2015-12-07,22.855,22.894,22.149,22.365,226105
2015-12-08,22.561,22.561,22.169,22.316,91267
2015-12-09,22.453,22.522,21.864,22.07,129101
2015-12-10,22.12,22.266,22.031,22.12,61634
2015-12-11,22.512,22.522,21.825,21.973,135043
2015-12-14,21.973,22.07,21.825,21.874,106763
2015-12-15,21.777,22.335,21.639,22.335,80861
2015-12-16,22.365,22.463,22.051,22.169,229557
2015-12-17,22.365,22.365,22.12,22.316,97827
2015-12-18,22.365,22.365,22.169,22.169,152292
2015-12-21,22.179,23.493,22.179,23.375,273793
2015-12-22,23.444,23.444,22.807,22.875,93201
2015-12-23,22.855,22.953,22.659,22.708,201841
2015-12-28,22.718,22.787,22.276,22.375,268763
2015-12-29,22.375,22.561,22.266,22.316,256989
2015-12-30,22.266,22.365,21.698,21.727,395677
2016-01-04,21.727,21.864,21.246,21.551,118684
2016-01-05,21.874,22.07,21.581,22.031,71356
2016-01-07,21.571,21.6,20.707,20.894,492824
2016-01-08,20.805,21.07,19.745,20.256,578872
2016-01-11,19.844,20.452,19.726,20.207,319962
2016-01-12,20.119,21.6,20.119,21.6,391849
2016-01-13,21.581,21.777,21.197,21.335,155791
2016-01-14,21.207,22.07,21.001,22.07,173780
2016-01-15,21.874,22.012,21.217,21.237,181533
2016-01-18,20.825,21.217,20.629,20.991,112962
2016-01-19,21.217,21.217,21.021,21.04,72566
2016-01-20,20.894,20.894,20.305,20.551,109030
2016-01-21,20.492,20.894,20.305,20.511,207827
2016-01-22,20.795,21.09,20.599,20.844,104594
2016-01-25,21.119,22.169,20.981,22.11,215013
2016-01-26,21.953,22.708,21.678,22.601,547124
2016-01-27,22.61,23.052,22.571,22.601,198972
2016-01-28,22.443,22.904,22.13,22.757,64626
2016-01-29,22.757,22.904,22.512,22.649,175281
2016-02-01,22.865,22.865,22.414,22.649,158717
2016-02-02,22.659,22.757,22.404,22.414,136311
2016-02-03,22.414,22.62,22.218,22.218,167190
2016-02-04,22.365,22.365,21.884,22.07,123907
2016-02-05,22.09,22.306,21.963,22.08,157382
2016-02-08,22.169,22.276,21.296,21.767,161499
2016-02-09,21.619,21.767,21.403,21.581,84534
2016-02-10,21.581,22.463,21.551,21.787,145893
2016-02-11,22.031,22.031,21.04,21.187,159659
2016-02-12,21.187,21.668,21.04,21.1,151836
2016-02-15,21.482,21.6,21.001,21.197,128419
2016-02-16,21.315,21.315,20.363,20.805,150172
2016-02-17,20.629,21.561,20.629,21.393,151931
2016-02-18,21.581,22.414,21.187,21.718,222598
2016-02-19,21.777,22.266,21.737,21.874,145527
2016-02-22,22.07,22.757,22.07,22.698,266148
2016-02-23,22.659,23.228,22.571,22.678,231066
2016-02-24,22.678,23.032,22.08,22.365,154904
2016-02-25,22.395,22.61,21.737,21.973,150698
2016-02-26,22.218,22.698,22.07,22.561,156753
2016-02-29,22.894,22.894,22.276,22.561,67759
2016-03-01,22.424,22.826,22.306,22.561,164357
2016-03-02,22.757,22.904,22.591,22.708,164110
2016-03-03,22.708,23.689,22.708,23.542,592179
2016-03-04,23.66,24.405,23.601,24.288,463266
2016-03-07,24.229,24.532,24.033,24.062,256417
2016-03-08,23.689,24.13,23.199,23.581,251567
2016-03-09,23.581,23.581,22.463,23.542,392945
2016-03-10,23.581,24.601,23.052,24.425,1027318
2016-03-11,24.425,24.504,23.934,24.376,407792
2016-03-14,24.484,24.484,23.65,23.728,117829
2016-03-15,23.296,23.738,23.11,23.738,198360
2016-03-16,23.296,24.082,23.296,23.964,105949
2016-03-17,24.082,24.376,23.934,24.376,155586
2016-03-18,24.326,24.504,24.189,24.504,266857
2016-03-21,24.474,24.494,24.229,24.464,125874
2016-03-22,24.425,24.504,24.13,24.415,195252
2016-03-23,24.425,24.484,24.229,24.229,79928
2016-03-24,24.326,24.504,24.229,24.504,103330
2016-03-29,24.504,25.209,24.425,25.013,313900
2016-03-30,25.112,25.504,24.916,25.504,387351
2016-03-31,25.504,25.553,25.141,25.209,356144
2016-04-01,25.112,25.112,24.847,24.866,122951
2016-04-04,24.964,25.69,24.778,25.69,143983
2016-04-05,25.651,25.651,25.043,25.357,194893
2016-04-06,25.357,25.405,25.15,25.199,145993
2016-04-07,25.405,25.405,25.209,25.366,144755
2016-04-08,25.308,25.504,25.131,25.504,623201
2016-04-11,25.504,25.504,25.249,25.396,305655
2016-04-12,25.357,25.357,24.807,24.807,117265
2016-04-13,24.72,25.112,24.552,25.112,130374
2016-04-14,25.102,25.396,24.944,25.376,257526
2016-04-15,25.357,25.435,25.229,25.357,73330
2016-04-18,25.405,25.455,25.199,25.455,77473
2016-04-19,25.455,25.504,25.366,25.504,175924
2016-04-20,25.494,25.504,25.396,25.494,59206
2016-04-21,25.405,25.592,24.916,25.298,209675
2016-04-22,25.308,25.445,24.944,25.445,85006
2016-04-25,25.484,25.484,25.112,25.396,59471
2016-04-26,25.298,25.455,24.964,24.964,98226
2016-04-27,25.19,25.19,24.758,24.876,120402
2016-04-28,25.062,25.386,24.817,25.18,348279
2016-04-29,25.013,25.288,24.866,24.964,27470
2016-05-02,24.935,25.239,24.67,24.817,52028
2016-05-04,24.817,25.082,24.68,24.68,113712
2016-05-05,24.69,24.857,23.474,24.12,221248
2016-05-06,24.082,24.12,23.542,23.886,187077
2016-05-09,23.934,24.522,23.934,24.033,167843
2016-05-10,24.229,24.522,24.13,24.522,169040
2016-05-11,24.66,25.328,24.572,25.112,153873
2016-05-12,25.112,25.298,24.788,25.112,170560
2016-05-13,24.974,25.259,24.857,25.199,319493
2016-05-16,25.209,26.191,25.199,26.191,315003
2016-05-17,26.191,26.191,25.405,25.877,136935
2016-05-18,25.886,26.524,25.504,26.524,432420
2016-05-19,26.524,26.583,26.092,26.21,75594
2016-05-20,26.181,26.475,25.72,26.023,215478
2016-05-23,25.994,26.465,25.926,26.455,78479
2016-05-24,26.397,26.475,25.946,26.171,109592
2016-05-25,26.171,26.583,26.171,26.583,404573
2016-05-27,26.661,27.231,26.631,27.221,264039
2016-05-30,27.221,27.623,26.083,26.083,310707
2016-05-31,26.083,26.455,25.994,26.328,203595
2016-06-01,26.328,26.328,25.484,25.798,281824
2016-06-02,25.7,26.289,25.553,26.152,144550
2016-06-03,25.906,26.279,25.504,26.043,106341
2016-06-06,25.7,26.681,25.7,26.681,181057
2016-06-07,26.671,27.318,26.622,27.259,254388
2016-06-08,26.847,27.269,26.445,26.877,152770
2016-06-09,27.053,27.162,26.779,27.162,86084
2016-06-10,27.172,27.269,26.465,26.779,123888
2016-06-13,26.828,26.828,25.71,26.279,134562
2016-06-14,26.348,26.426,24.738,25.405,251947
2016-06-15,25.357,26.485,24.631,26.348,399417
2016-06-16,26.455,26.455,25.847,25.896,472914
2016-06-17,25.896,26.485,25.514,26.191,135544
2016-06-20,26.191,26.554,25.916,26.004,240819
2016-06-21,25.946,26.387,25.946,26.279,190510
2016-06-22,26.318,26.435,26.239,26.426,190322
2016-06-23,26.426,27.122,26.142,26.966,237987
2016-06-24,24.229,26.406,24.033,26.406,507112
2016-06-27,26.092,26.338,25.798,25.798,166895
2016-06-28,25.72,26.641,25.72,26.397,186680
2016-06-29,26.691,26.779,26.435,26.681,174223
2016-06-30,26.75,27.152,26.485,26.877,355718
2016-07-01,27.053,27.122,26.7,26.926,132832
2016-07-04,26.671,26.877,26.485,26.857,121971
2016-07-05,26.779,26.877,26.691,26.877,22079
2016-07-06,26.877,27.269,26.71,27.083,249606
2016-07-07,26.975,28.005,26.975,27.956,466780
2016-07-08,27.956,28.398,27.809,27.867,221382
2016-07-11,27.956,28.152,27.661,28.152,143926
2016-07-12,28.231,28.937,28.172,28.937,456621
2016-07-13,29.133,29.231,28.221,28.447,224223
2016-07-14,28.495,28.937,28.388,28.623,65791
2016-07-15,28.673,30.408,28.673,30.408,521001
2016-07-18,30.212,31.39,29.967,31.095,269519
2016-07-19,31.144,31.34,30.8,31.202,171253
2016-07-20,31.39,33.057,31.262,31.978,476741
2016-07-21,32.125,32.664,32.076,32.37,268759
2016-07-22,32.37,32.703,32.018,32.39,374549
2016-07-25,32.37,32.664,32.37,32.596,219933
2016-07-26,32.606,32.743,32.351,32.517,129963
2016-07-27,32.596,32.909,31.87,32.606,290535
2016-07-28,32.664,33.155,32.37,33.057,141323
2016-07-29,33.175,34.175,33.057,34.135,324925
2016-08-01,34.135,34.773,32.664,33.547,369216
2016-08-02,33.743,34.077,32.959,33.351,212202
2016-08-03,33.361,33.469,32.125,32.909,318308
2016-08-04,32.664,32.772,31.291,31.84,376998
2016-08-05,31.683,32.105,31.202,31.929,330110
2016-08-08,32.125,32.861,32.125,32.861,321628
2016-08-09,32.861,33.842,32.861,33.41,279005
2016-08-10,33.351,33.685,32.812,33.685,214375
2016-08-11,33.547,34.067,33.351,34.067,314292
2016-08-12,34.195,34.852,34.135,34.745,310083
2016-08-16,34.763,34.783,33.929,34.587,245787
2016-08-17,34.509,34.676,34.234,34.676,191901
2016-08-18,34.685,35.244,34.567,35.244,446058
2016-08-19,35.313,35.666,35.117,35.627,197016
2016-08-22,35.666,37.167,35.509,37.128,271713
2016-08-23,37.274,37.274,36.598,37.02,443891
2016-08-24,37.078,37.128,35.971,36.294,327471
2016-08-25,37.765,38.286,36.892,37.971,361864
2016-08-26,37.971,40.207,37.971,40.12,1036668
2016-08-29,40.708,42.091,40.169,41.463,691068
2016-08-30,41.473,41.473,39.795,40.806,562465
2016-08-31,40.815,41.689,40.815,41.689,355343
2016-09-01,41.738,41.885,39.825,40.512,370289
2016-09-02,40.482,42.18,40.217,41.974,258341
2016-09-05,42.316,43.651,42.081,42.679,1710005
2016-09-06,42.679,43.356,42.18,43.249,159838
2016-09-07,43.346,43.406,42.326,42.376,129530
2016-09-08,42.376,42.376,40.629,41.051,226288
2016-09-09,41.051,42.081,41.051,41.689,271041
2016-09-12,41.287,41.296,38.844,39.482,281909
2016-09-13,39.629,42.572,39.629,41.552,147913
2016-09-14,41.552,42.366,40.806,41.13,53473
2016-09-15,40.855,40.904,39.482,39.825,127147
2016-09-16,40.316,41.934,39.57,40.708,311344
2016-09-19,40.708,41.631,40.561,40.806,96028
2016-09-20,40.708,41.199,39.855,41.199,124897
2016-09-21,41.199,41.395,40.326,40.61,66952
2016-09-22,40.61,40.797,39.766,39.786,111862
2016-09-23,40.217,40.217,38.354,38.452,293716
2016-09-26,38.452,39.129,37.52,38.177,116269
2016-09-27,38.452,38.962,37.864,38.51,93618
2016-09-28,38.854,39.07,38.256,38.344,48538
2016-09-29,38.698,39.718,37.53,38.981,1238481
2016-09-30,39.08,39.825,38.373,39.1,179726
2016-10-03,39.874,40.512,39.433,39.924,90529
2016-10-04,40.217,40.217,38.844,38.894,162027
2016-10-05,39.138,39.335,38.324,38.844,486432
2016-10-06,39.286,39.286,37.569,37.942,151026
2016-10-07,38.138,39.502,38.138,38.256,154490
2016-10-10,38.746,39.031,38.648,38.746,57125
2016-10-11,38.795,39.227,38.746,38.746,85445
2016-10-12,38.746,38.894,38.55,38.894,93988
2016-10-13,38.894,39.129,37.961,38.167,77791
2016-10-14,38.157,38.981,38.157,38.854,64848
2016-10-17,38.256,38.894,38.217,38.844,79054
2016-10-18,38.942,39.178,38.746,38.991,72466
2016-10-19,38.648,38.844,38.648,38.756,161716
2016-10-20,38.756,39.06,38.276,39.011,282882
2016-10-21,39.187,39.227,38.942,39.197,243478
2016-10-24,39.237,39.953,38.746,38.844,99003
2016-10-25,38.854,39.05,38.766,38.844,69163
2016-10-26,38.726,39.041,37.736,38.256,163015
2016-10-27,38.256,39.502,38.256,39.227,330625
2016-10-28,39.207,39.207,38.795,38.795,92839
2016-10-31,38.894,39.423,38.874,39.119,56140
2016-11-02,39.129,39.129,38.314,38.942,147023
2016-11-03,38.472,39.041,38.354,38.991,98360
2016-11-04,38.991,39.119,38.52,38.795,66840
2016-11-07,38.746,39.609,38.746,38.835,112904
2016-11-08,38.952,39.138,38.795,38.844,65344
2016-11-09,38.266,39.864,38.266,38.815,124527
2016-11-10,38.913,39.335,38.746,38.795,64807
2016-11-14,38.942,39.09,38.746,38.795,203289
2016-11-15,38.805,39.227,38.766,39.217,93854
2016-11-16,39.227,39.256,38.815,38.962,70292
2016-11-17,38.962,39.227,38.609,38.864,185514
2016-11-18,39.041,39.237,37.589,39.237,494111
2016-11-21,39.237,39.433,38.894,39.374,108887
2016-11-22,39.374,42.395,39.374,42.395,295981
2016-11-23,42.572,43.16,41.875,42.395,525557
2016-11-24,42.699,48.242,42.699,47.741,790641
2016-11-25,48.555,48.987,46.123,48.055,555349
2016-11-28,48.075,48.85,47.231,47.673,314708
2016-11-29,47.673,48.065,46.711,47.329,403646
2016-11-30,47.359,47.711,46.594,46.8,272006
2016-12-01,47.143,49.909,46.75,49.291,616823
2016-12-02,49.909,52.969,49.125,50.674,509865
2016-12-05,51.302,52.676,51.302,52.656,222795
2016-12-06,52.979,53.46,50.664,51.606,201600
2016-12-07,51.646,51.92,48.291,50.125,335303
2016-12-08,50.37,51.44,48.428,51.272,288944
2016-12-09,51.979,51.989,49.537,50.527,216198
2016-12-12,50.812,51.008,49.85,50.812,168501
2016-12-13,50.812,51.862,50.223,51.312,72917
2016-12-14,51.498,52.636,50.763,51.498,168901
2016-12-15,51.989,52.42,51.008,51.969,103322
2016-12-16,51.989,52.175,50.046,50.674,247252
2016-12-19,50.419,50.419,49.193,49.537,402612
2016-12-20,49.537,51.498,49.193,50.232,1638203
2016-12-21,51.106,51.194,50.301,51.008,104107
2016-12-22,50.713,50.812,50.517,50.586,52245
2016-12-23,50.664,51.449,50.576,51.312,87916
2016-12-27,51.204,51.468,50.998,51.008,147528
2016-12-28,50.812,51.694,50.713,51.646,81658
2016-12-29,51.646,51.783,51.008,51.321,48676
2016-12-30,51.498,51.498,51.076,51.204,246098
2017-01-02,51.204,51.557,51.204,51.381,29139
2017-01-03,51.41,51.802,50.419,51.155,155686
2017-01-04,51.204,51.351,50.586,50.919,81413
2017-01-05,50.713,51.694,50.596,51.204,79821
2017-01-09,51.252,51.684,50.547,51.684,133248
2017-01-10,51.204,52.773,51.204,51.989,189713
2017-01-11,52.175,54.813,52.175,53.411,403277
2017-01-12,53.941,55.059,53.538,53.803,274954
2017-01-13,54.441,54.637,52.234,52.882,173660
2017-01-16,52.882,54.314,52.882,53.941,162933
2017-01-17,54.195,54.431,53.715,54.108,167508
2017-01-18,54.529,54.529,53.773,54.019,145657
2017-01-19,54.048,55.157,53.862,55.157,254807
2017-01-20,55.51,57.374,55.225,57.324,245579
2017-01-23,57.492,59.346,56.118,58.021,354476
2017-01-24,58.07,58.423,57.089,58.364,136007
2017-01-25,58.364,59.031,57.511,58.492,131097
2017-01-26,58.855,58.954,57.874,58.374,244725
2017-01-27,58.55,58.55,57.403,58.12,76664
2017-01-30,57.874,58.031,57.629,57.874,108646
2017-01-31,57.678,57.825,56.403,57.53,128307
2017-02-01,57.776,58.354,57.678,57.874,115546
2017-02-02,57.874,58.688,56.52,57.874,255280
2017-02-03,57.874,58.247,57.158,57.649,99968
2017-02-06,57.678,58.835,57.678,58.56,128504
2017-02-07,58.845,60.621,58.738,60.621,219551
2017-02-08,60.621,64.721,60.621,62.289,382467
2017-02-09,63.563,63.848,62.877,63.456,188333
2017-02-10,63.662,66.046,63.456,65.388,258308
2017-02-13,65.721,68.163,65.721,68.115,236059
2017-02-14,68.173,68.772,67.193,67.977,163535
2017-02-15,68.369,68.369,67.301,68.173,111076
2017-02-16,68.272,68.272,67.684,68.173,111415
2017-02-17,68.173,68.664,67.88,67.88,149862
2017-02-20,68.163,68.566,67.977,68.566,114507
2017-02-21,68.566,73.029,68.557,72.813,323147
2017-02-22,75.53,76.277,69.763,71.215,515494
2017-02-23,72.098,73.746,71.411,72.922,191015
2017-02-24,73.412,73.568,69.066,69.645,323069
2017-02-27,69.645,71.411,69.635,70.823,206769
2017-02-28,71.116,71.607,64.838,69.106,1019864
2017-03-01,69.645,72.734,69.203,72.686,354630
2017-03-02,73.078,74.491,71.607,72.274,231606
2017-03-03,72.568,72.588,71.116,71.607,141707
2017-03-06,71.607,71.882,69.694,69.743,153534
2017-03-07,69.449,72.49,67.301,71.872,421561
2017-03-08,72.098,72.588,70.724,71.783,234140
2017-03-09,71.783,71.803,69.821,71.116,134377
2017-03-10,71.116,72.941,71.116,71.783,132959
2017-03-13,72.294,72.676,70.803,71.607,128475
2017-03-14,72.098,72.686,71.705,72.686,166406
2017-03-15,73.078,74.54,72.166,72.568,301561
2017-03-16,73.765,74.942,73.471,74.55,186469
2017-03-17,75.04,75.53,74.55,75.53,239011
2017-03-20,75.53,75.923,74.55,75.03,140004
2017-03-21,75.03,75.03,74.049,74.824,194046
2017-03-22,73.961,73.961,71.116,72.49,283594
2017-03-23,72.107,74.844,72.107,74.314,104959
2017-03-24,74.304,74.795,73.353,74.255,109215
2017-03-27,73.088,74.158,72.245,72.686,82637
2017-03-28,73.235,73.814,71.215,71.803,174868
2017-03-29,71.803,72.568,71.116,71.225,125329
2017-03-30,73.128,75.815,71.627,73.078,392866
2017-03-31,74.059,74.344,72.294,72.784,139006
2017-04-03,73.461,73.461,72.009,72.372,92659
2017-04-04,71.999,72.98,71.999,72.284,90110
2017-04-05,72.391,73.353,71.892,71.901,126629
2017-04-06,69.155,72.098,69.155,70.871,116168
2017-04-07,70.871,71.087,69.645,70.626,116542
2017-04-10,70.43,70.626,67.379,67.595,293971
2017-04-11,67.684,68.311,64.525,65.133,963776
2017-04-12,64.652,66.506,64.642,64.986,428808
2017-04-13,65.034,65.604,61.023,63.563,517941
2017-04-18,64.054,67.575,63.789,65.23,321338
2017-04-19,65.721,68.713,65.525,68.713,232370
2017-04-20,69.645,70.528,66.8,67.301,192255
2017-04-21,67.272,67.88,65.28,65.436,242384
2017-04-24,66.016,66.555,64.545,65.476,133416
2017-04-25,65.721,66.114,63.662,64.545,276238
2017-04-26,64.25,64.25,62.289,63.858,340206
2017-04-27,63.759,66.339,63.475,66.153,172691
2017-04-28,66.398,66.85,66.114,66.496,196658
2017-05-02,67.163,69.841,66.516,67.684,180292
2017-05-04,68.644,68.939,64.77,66.339,181125
2017-05-05,64.937,67.183,64.78,66.123,192248
2017-05-08,66.702,67.193,65.23,65.23,89798
2017-05-09,65.309,66.202,64.368,64.741,196656
2017-05-10,64.741,67.428,64.397,67.428,211386
2017-05-11,67.605,67.88,66.242,66.712,77169
2017-05-12,65.977,67.183,65.82,66.016,94065
2017-05-15,67.487,67.487,65.359,65.82,202995
2017-05-16,64.848,66.252,64.741,65.064,150546
2017-05-17,64.741,64.986,63.269,64.348,227456
2017-05-18,64.299,65.436,63.269,64.25,200419
2017-05-19,64.888,65.319,64.309,64.927,182833
2017-05-22,65.23,68.154,65.23,67.585,238648
2017-05-23,68.163,68.163,66.654,67.684,172871
2017-05-24,68.86,71.508,68.86,70.126,670991
2017-05-25,72.598,74.452,72.195,72.195,515754
2017-05-26,72.441,73.068,70.95,71.607,167099
2017-05-29,72.453,74.364,71.866,74.145,368767
2017-05-30,74.423,78.116,74.145,77.23,606786
2017-05-31,76.702,78.613,75.976,78.554,502365
2017-06-01,78.524,81.609,77.827,81.609,508012
2017-06-02,81.808,82.495,80.614,81.609,240381
2017-06-05,82.087,82.604,79.619,79.619,196807
2017-06-06,77.728,79.619,76.434,79.619,357237
2017-06-07,80.116,81.589,78.245,79.818,195408
2017-06-08,80.196,81.46,79.121,81.3,236307
2017-06-09,81.211,82.495,80.126,81.828,268208
2017-06-12,81.599,81.599,79.668,81.31,238622
2017-06-13,80.216,83.599,80.116,83.589,401757
2017-06-14,83.589,84.485,81.35,81.35,244509
2017-06-16,80.912,83.58,80.912,82.206,151769
2017-06-19,83.4,84.097,83.102,83.589,162145
2017-06-20,83.599,83.988,82.117,82.972,130984
2017-06-21,83.38,83.848,82.186,82.564,194420
2017-06-22,82.306,83.779,82.107,82.107,208980
2017-06-23,82.107,83.4,82.107,83.221,46068
2017-06-26,82.953,85.59,82.953,85.59,205100
2017-06-27,85.789,86.446,84.804,85.59,109323
2017-06-28,85.59,86.346,85.092,85.092,112602
2017-06-29,85.102,85.59,84.933,85.59,60547
2017-06-30,85.54,86.078,84.605,85.63,98068
2017-07-03,85.63,85.689,84.107,84.903,157012
2017-07-04,84.903,84.903,82.813,83.231,71763
2017-07-05,83.231,83.49,77.648,82.306,508487
2017-07-06,82.306,82.306,80.046,81.111,322850
2017-07-07,80.713,81.599,79.32,79.32,82564
2017-07-10,79.519,81.499,79.519,81.012,86494
2017-07-11,81.609,82.495,80.236,80.644,106236
2017-07-12,80.644,82.505,80.644,82.395,86230
2017-07-13,82.604,83.002,81.808,83.002,163034
2017-07-14,83.301,83.301,80.713,81.46,79686
2017-07-17,82.246,82.246,80.863,81.519,71795
2017-07-18,80.723,82.196,80.723,82.107,104874
2017-07-19,81.997,82.803,81.808,82.803,72167
2017-07-20,82.803,86.078,82.803,86.078,227069
2017-07-21,86.078,87.58,86.078,86.585,135667
2017-07-24,86.585,86.784,86.167,86.585,75911
2017-07-25,86.585,87.779,83.649,86.784,125656
2017-07-26,87.242,87.58,86.287,86.864,74896
2017-07-27,87.083,88.078,86.585,86.973,104557
2017-07-28,87.58,87.58,85.092,86.366,87336
2017-07-31,87.58,87.58,85.411,86.088,111092
2017-08-01,86.386,87.033,85.859,86.784,73904
2017-08-02,86.824,87.57,85.59,86.277,108597
2017-08-03,85.689,86.068,84.605,85.242,102955
2017-08-04,84.595,86.456,84.595,84.913,76788
2017-08-07,85.789,86.187,85.102,85.291,85951
2017-08-08,85.779,86.366,83.619,84.406,113186
2017-08-09,84.595,84.595,83.729,83.798,69475
2017-08-10,83.798,85.689,83.709,84.435,53214
2017-08-11,83.599,84.037,82.704,83.599,95576
2017-08-14,83.599,84.376,82.823,84.207,37789
2017-08-16,84.595,86.784,83.938,86.585,110035
2017-08-17,86.565,86.784,85.689,86.386,176710
2017-08-18,86.187,86.386,85.092,86.088,34575
2017-08-21,85.789,86.575,85.381,86.088,51071
2017-08-22,86.088,86.585,84.097,84.654,134710
2017-08-23,85.57,85.57,83.798,84.306,349368
2017-08-24,84.495,84.595,84.097,84.396,55268
2017-08-25,84.595,85.192,83.699,84.495,69134
2017-08-28,84.495,84.585,83.848,83.998,67876
2017-08-29,84.585,84.585,79.658,80.136,335724
2017-08-30,81.48,82.485,80.236,80.624,178991
2017-08-31,81.609,83.729,81.609,83.002,229621
2017-09-01,83.729,84.416,82.415,83.798,216278
2017-09-04,83.699,85.59,82.634,85.142,113107
2017-09-05,84.893,86.197,81.927,83.4,231668
2017-09-06,83.4,83.988,81.012,81.619,191253
2017-09-07,85.689,89.581,85.689,89.581,931289
2017-09-08,90.068,94.796,89.77,94.199,875110
2017-09-11,95.741,100.32,95.741,99.52,878993
2017-09-12,100.97,106.09,97.543,104.1,658645
2017-09-13,104.1,109.08,102.06,106.49,539083
2017-09-14,106.49,108.78,104.5,106.09,371463
2017-09-15,105.89,106.49,102.01,103.4,1050437
2017-09-18,103.35,106.49,102.91,105.49,235147
2017-09-19,106.04,108.98,105.49,108.98,256732
2017-09-20,108.48,114.95,108.28,113.36,527312
2017-09-21,114.45,116.44,109.57,111.47,461828
2017-09-22,111.81,113.85,109.18,113.46,352547
2017-09-25,113.66,115.84,111.27,112.61,158523
2017-09-26,113.01,113.85,109.72,110.52,208981
2017-09-27,109.77,113.01,109.77,111.62,160205
2017-09-28,111.62,114.35,111.62,114.25,288697
2017-09-29,114.25,115.94,112.71,115.7,196190
2017-10-02,115.7,116.39,113.06,114,113736
2017-10-03,114.1,115.7,113.8,114.45,59668
2017-10-04,114.2,114.75,113.01,113.01,128212
2017-10-05,114,114.25,112.76,113.36,213794
2017-10-06,113.41,115.45,113.41,115.15,261149
2017-10-09,115.15,115.84,114.75,115.4,200922
2017-10-10,115.45,115.45,114.45,115.3,278646
2017-10-11,115.4,123.41,113.56,118.43,495521
2017-10-12,119.73,122.71,116.44,116.44,470201
2017-10-13,118.53,122.41,115.75,117.24,671920
2017-10-16,118.73,119.23,116.24,117.39,330170
2017-10-17,117.44,117.93,112.96,113.95,436365
2017-10-18,113.46,113.95,109.72,110.97,341248
2017-10-19,110.42,112.26,110.37,111.22,189200
2017-10-20,112.46,115,111.37,111.96,268563
2017-10-23,111.96,113.46,111.96,112.76,150523
2017-10-24,113.46,113.46,111.76,112.86,257420
2017-10-25,112.46,113.46,112.46,113.26,204177
2017-10-26,113.46,118.78,113.31,117.24,406551
2017-10-27,117.74,119.93,116.99,117.93,273628
2017-10-30,117.93,118.43,116.59,117.39,165200
2017-10-31,117.98,120.42,117.54,120.02,435142
2017-11-02,120.87,120.87,118.13,119.43,247738
2017-11-03,119.73,120.92,118.63,118.63,168055
2017-11-06,118.63,121.32,117.93,120.42,122300
2017-11-07,120.72,124.4,119.93,123.91,275048
2017-11-08,124.3,127.39,123.96,125.65,525203
2017-11-09,125.65,127.39,124.6,124.6,256205
2017-11-10,124.6,126.39,123.01,124.3,154687
2017-11-13,123.41,123.41,111.07,114.2,975091
2017-11-14,116.44,116.79,97.543,106.89,1716393
2017-11-15,106.24,108.48,102.71,106.49,536743
2017-11-16,110.47,111.86,107.98,109.48,420834
2017-11-17,110.67,112.61,108.23,110.77,383040
2017-11-20,111.47,115.25,110.87,112.96,459105
2017-11-21,114.95,115.05,109.72,111.91,549901
2017-11-22,98.528,109.38,95.542,105.49,1258117
2017-11-23,104.65,107.68,102.66,104.3,465763
2017-11-24,104.9,106.99,104.3,104.5,255468
2017-11-27,104.5,107.78,104.5,106.59,976682
2017-11-28,107.48,108.58,104,104,596124
2017-11-29,103.6,105.44,97.533,97.533,1032071
2017-11-30,96.537,102.66,94.766,101.02,6447057
2017-12-01,101.91,103.01,91.721,96.338,1114192
2017-12-04,94.547,96.796,90.775,95.891,696273
2017-12-05,95.174,99.51,94.706,99.085,589684
2017-12-06,99.52,99.82,94.209,97.523,842291
2017-12-07,96.697,98.319,94.865,95.463,204967
2017-12-08,96.338,97.453,92.756,93.552,407666
2017-12-11,93.552,94.308,88.675,89.073,729842
2017-12-12,88.576,91.233,87.68,91.233,428071
2017-12-13,91.561,99.125,91.502,96.627,835187
2017-12-14,97.533,98.826,93.273,94.895,284059
2017-12-15,95.094,96.756,93.293,96.04,324975
2017-12-18,96.537,97.981,93.761,95.492,177350
2017-12-19,95.512,99.82,95.144,99.424,331162
2017-12-20,99.52,101.31,98.528,99.075,199081
2017-12-21,98.976,99.97,95.94,99.87,315756
2017-12-22,99.62,100.72,98.478,99.67,181625
2017-12-27,99.82,101.51,99.324,101.51,251155
2017-12-28,102.51,102.51,98.09,98.528,304920
2017-12-29,96.139,98.996,95.97,96.537,439997
2018-01-03,97.234,99.52,97.234,97.533,213216
2018-01-04,98.528,99.274,96.786,97.533,193447
2018-01-05,98.528,98.926,97.284,98.528,121391
2018-01-08,98.926,100.62,97.881,100.22,285612
2018-01-09,100.22,100.32,98.727,99.52,123466
2018-01-10,99.424,99.424,97.284,97.682,102899
2018-01-11,98.528,106.29,97.831,103.7,449444
2018-01-12,104.5,107.88,103.8,106.49,366383
2018-01-15,107.98,108.88,105.2,105.3,131639
2018-01-16,106.49,111.57,105.99,110.57,392105
2018-01-17,111.47,118.43,110.97,118.43,773883
2018-01-18,120.42,122.81,115.45,119.13,645884
2018-01-19,119.43,120.82,116.44,120.72,336768
2018-01-22,121.32,121.32,117.54,118.73,203287
2018-01-23,118.13,120.02,115.55,117.74,260183
2018-01-24,116.44,118.23,113.66,115.94,261028
2018-01-25,115.45,115.84,111.47,111.47,207707
2018-01-26,110.57,116.04,110.57,114.25,126227
2018-01-29,114.45,115.25,112.06,115.25,98772
2018-01-30,114.45,114.45,112.06,113.46,79468
2018-01-31,113.46,118.13,112.76,115.45,322723
2018-02-01,115.55,116.84,113.06,114.45,115117
2018-02-02,113.56,114.15,112.16,112.86,165372
2018-02-05,110.47,111.76,107.98,108.98,197695
2018-02-06,102.11,107.09,101.31,105.49,565297
2018-02-07,109.38,110.77,107.68,110.77,297856
2018-02-08,112.46,114.05,109.08,110.47,254586
2018-02-09,108.68,110.37,105.69,105.69,365931
2018-02-12,108.68,108.78,105.79,106.19,184147
2018-02-13,107.19,109.67,106.59,108.58,258425
2018-02-14,108.78,110.77,107.19,108.38,283434
2018-02-15,110.47,110.67,108.38,108.38,222193
2018-02-16,108.98,111.17,108.98,110.27,164213
2018-02-19,110.17,110.37,107.98,108.48,62746
2018-02-20,108.48,108.88,106.39,108.48,38552
2018-02-21,108.08,109.28,107.29,108.98,55586
2018-02-22,108.98,109.18,107.39,109.18,112843
2018-02-23,109.18,109.48,106.79,108.08,82095
2018-02-26,109.18,109.28,105.59,106.39,97532
2018-02-27,106.49,107.09,104.7,107.09,86650
2018-02-28,106.49,107.68,103.21,106.49,265130
2018-03-01,105.3,105.99,102.81,104.3,147657
2018-03-02,104.2,106.29,103.4,105.39,127493
2018-03-05,105.49,105.99,104,105.5,127385
2018-03-06,105.49,106.29,101.71,103.11,150269
2018-03-07,103.21,109.28,99.175,109.28,343459
2018-03-08,109.97,110.87,107.68,107.68,136922
2018-03-09,107.68,109.97,105.69,108.98,334647
2018-03-12,109.28,114.35,108.28,113.95,300785
2018-03-13,114.45,114.95,112.26,113.75,268513
2018-03-14,113.75,114.05,111.57,114.05,176745
2018-03-15,113.95,114.05,112.66,112.96,250814
2018-03-16,112.46,112.46,106.59,108.68,951852
2018-03-19,109.87,111.47,107.48,108.78,206747
2018-03-20,109.77,109.77,107.68,109.28,214172
2018-03-21,109.97,112.66,108.48,112.36,270032
2018-03-22,112.96,115.45,108.08,111.47,352157
2018-03-23,108.78,110.77,106.79,110.47,230946
2018-03-26,110.97,110.97,108.08,108.48,142565
2018-03-27,110.17,114.65,109.97,112.36,216924
2018-03-28,110.47,111.47,108.08,108.68,179024
2018-03-29,109.77,110.47,108.18,108.88,142259
2018-04-03,108.38,109.77,107.19,109.08,227975
2018-04-04,109.18,111.07,108.28,110.97,284831
2018-04-05,111.47,116.24,111.37,114.35,409045
2018-04-06,114.95,120.52,114.95,119.83,642314
2018-04-09,119.43,125.4,118.03,122.71,435687
2018-04-10,123.11,124.4,119.83,124.4,265678
2018-04-11,124.4,126.79,121.72,124.11,295073
2018-04-12,123.61,126.2,122.02,123.11,258402
2018-04-13,123.41,125.2,121.52,121.52,122447
2018-04-16,121.52,122.91,118.03,118.73,256559
2018-04-17,118.43,120.32,116.64,119.43,206810
2018-04-18,119.43,121.72,119.23,120.92,167306
2018-04-19,120.92,121.42,119.13,119.33,128566
2018-04-20,118.43,120.62,118.03,118.93,89678
2018-04-23,119.33,120.82,118.63,119.63,129976
2018-04-24,119.43,120.42,117.64,117.64,212436
2018-04-25,117.64,119.13,114.85,115.15,223045
2018-04-26,115.45,117.14,114.95,115.05,164639
2018-04-27,116.44,116.84,115.15,115.45,150270
2018-04-30,115.65,126,115.65,124.2,327617
2018-05-02,124.2,129.18,122.41,124.2,419269
2018-05-04,124.4,125.9,123.61,124.3,289580
2018-05-07,125.8,128.38,124.7,127.39,156604
2018-05-08,128.38,136.35,128.29,136.35,765593
2018-05-09,136.84,147.1,136.84,144.21,861485
2018-05-10,145.3,146.2,142.32,144.21,329801
2018-05-11,144.21,145.3,140.83,144.31,287248
2018-05-14,144.81,147.29,137.34,138.34,677827
2018-05-15,134.85,141.02,134.85,139.13,384574
2018-05-16,140.13,144.61,138.93,144.31,229488
2018-05-17,144.31,148.19,137.84,138.34,488179
2018-05-18,139.23,142.82,138.34,139.33,155448
2018-05-21,141.32,147.29,140.33,146.3,402868
2018-05-22,147.19,147.79,143.61,145.8,290680
2018-05-23,146.3,146.3,141.42,143.91,138735
2018-05-24,143.81,145.1,142.42,144.01,197559
2018-05-25,145.2,145.2,143.21,144.01,151564
2018-05-28,144.31,145.1,143.21,144.31,153882
2018-05-29,144.71,144.71,140.43,143.01,159830
2018-05-30,142.32,146.6,141.82,146.5,415629
2018-06-01,146.5,148.79,145.3,148.79,278590
2018-06-04,150.08,157.15,149.88,156.85,325180
2018-06-05,157.74,158.14,153.66,156.25,252302
2018-06-06,158.14,158.94,150.78,151.87,278656
2018-06-07,152.27,154.96,148.39,152.27,284588
2018-06-08,153.27,153.27,149.28,149.48,244556
2018-06-11,159.04,159.04,139.73,143.11,745003
2018-06-12,143.51,153.07,143.41,149.48,553705
2018-06-13,156.25,157.84,150.48,154.56,916383
2018-06-14,154.56,166.2,152.77,163.91,567534
2018-06-15,165.21,171.68,161.92,167.2,764265
2018-06-18,168.29,171.58,163.02,171.18,369151
2018-06-19,168.59,168.89,162.32,164.41,406751
2018-06-20,164.71,168,164.51,165.01,220016
2018-06-21,166,166.4,160.53,163.32,252772
2018-06-22,164.21,167.7,161.92,165.51,183968
2018-06-25,166.2,167.5,164.71,165.01,111301
2018-06-26,163.02,166.5,162.32,164.91,200458
2018-06-27,164.01,165.11,163.22,164.11,212691
2018-06-28,163.72,164.11,154.06,156.75,461955
2018-06-29,156.45,161.43,156.35,161.03,249899
2018-07-02,158.94,164.01,158.44,160.33,139891
2018-07-03,161.23,162.92,159.93,162.02,70177
2018-07-04,162.22,166.8,161.73,166.4,168716
2018-07-05,166.7,180.04,166.6,178.15,525893
2018-07-06,178.15,179.14,175.06,175.86,292503
2018-07-09,175.86,180.24,174.76,174.96,164860
2018-07-10,176.16,187.6,175.16,177.15,543649
2018-07-11,177.15,179.64,175.46,177.75,359415
2018-07-12,179.64,183.92,177.65,183.92,274442
2018-07-13,182.13,191.08,182.13,191.08,348283
2018-07-16,192.08,196.46,189.89,196.46,336558
2018-07-17,194.07,200.84,193.17,200.24,557845
2018-07-18,199.84,210.19,198.55,208.8,530692
2018-07-19,208.6,208.6,191.78,202.03,530524
2018-07-20,198.05,204.42,196.16,203.62,269566
2018-07-23,206.01,207.41,201.83,202.63,168847
2018-07-24,205.02,207.8,204.22,207.01,207515
2018-07-25,206.41,210.99,205.02,209.2,201260
2018-07-26,209.79,215.57,209.2,213.38,234980
2018-07-27,214.37,216.96,210.59,216.56,216967
2018-07-30,215.97,219.95,212.78,213.58,231873
2018-07-31,213.38,213.38,194.57,196.56,536484
2018-08-01,193.87,204.22,184.32,204.02,417010
2018-08-02,202.23,203.82,194.47,194.47,184994
2018-08-03,196.36,202.23,196.06,196.06,156223
2018-08-06,198.85,200.04,196.36,197.75,64221
2018-08-07,199.25,206.21,198.55,204.62,183026
2018-08-08,207.01,214.17,205.81,213.78,339911
2018-08-09,213.78,213.78,209,213.38,109884
2018-08-10,211.59,212.98,202.03,202.03,197551
2018-08-13,200.04,210.59,198.35,209.6,216429
2018-08-14,210.99,213.78,205.22,211.98,158143
2018-08-16,208.2,211.19,205.42,205.61,164991
2018-08-17,207.01,208,202.23,202.23,151202
2018-08-20,204.22,209.99,202.43,209,109269
2018-08-21,210.99,213.58,209.2,211.98,151931
2018-08-22,209.4,210.79,204.02,205.22,170375
2018-08-23,206.21,208.2,202.83,208,113516
2018-08-24,209,209,203.62,205.42,119787
2018-08-27,206.21,212.98,206.21,210.99,232734
2018-08-28,218.95,221.34,214.97,218.15,431191
2018-08-29,216.16,218.95,215.97,218.75,182373
2018-08-30,218.35,218.35,209.4,209.4,277242
2018-08-31,207.8,208,202.43,205.02,305557
2018-09-03,205.42,207.8,196.96,200.84,250053
2018-09-04,202.03,202.83,192.08,193.57,307672
2018-09-05,193.07,195.07,183.02,183.82,387657
2018-09-06,181.73,187.7,180.14,181.53,358843
2018-09-07,183.12,188.2,172.18,172.67,480364
2018-09-10,170.18,180.14,167,178.84,385639
2018-09-11,182.03,186.21,179.44,181.73,276157
2018-09-12,183.92,185.11,176.45,177.35,259023
2018-09-13,177.15,181.93,176.26,179.34,184260
2018-09-14,181.53,182.53,178.25,181.13,138793
2018-09-17,181.13,184.12,179.34,180.34,141379
2018-09-18,180.73,190.49,179.44,188.6,286851
2018-09-19,191.08,194.47,188.7,188.99,252288
2018-09-20,191.08,191.48,186.11,188.8,363224
2018-09-21,190.09,198.75,189.09,192.78,1936716
2018-09-24,195.26,196.86,183.12,186.51,258357
2018-09-25,186.51,187.1,182.62,185.91,154445
2018-09-26,187.3,187.3,183.22,186.21,115378
2018-09-27,185.51,191.58,184.22,191.48,255433
2018-09-28,193.07,193.97,183.92,186.41,255168
2018-10-01,188,191.98,186.41,191.98,148060
2018-10-02,189.79,190.59,185.61,189.09,171495
2018-10-03,189.29,193.47,187.7,192.08,235933
2018-10-04,191.08,192.28,179.24,179.44,314731
2018-10-05,180.63,183.62,174.17,181.43,324925
2018-10-08,179.24,179.24,162.32,162.32,528325
2018-10-09,161.33,166.1,156.05,163.22,574745
2018-10-10,164.41,165.21,148.79,154.76,586072
2018-10-11,148.99,153.76,146,151.28,658645
2018-10-12,155.06,162.42,153.76,162.22,454885
2018-10-15,166.1,166.2,155.95,157.84,219079
2018-10-16,158.74,164.21,157.84,164.21,228093
2018-10-17,166.2,168,160.63,163.72,280249
2018-10-18,164.31,164.31,153.46,154.26,491531
2018-10-19,157.25,158.84,152.47,156.25,251291
2018-10-22,158.24,158.24,154.26,156.25,131070
2018-10-23,153.86,153.86,141.52,143.61,905653
2018-10-24,144.11,149.28,142.62,142.62,286845
2018-10-25,137.34,150.38,134.36,150.28,635988
2018-10-26,148.79,150.58,140.73,142.22,322650
2018-10-29,143.41,152.77,142.82,147.49,385244
2018-10-30,147,152.27,144.41,151.67,490076
2018-10-31,153.86,159.73,153.86,157.55,588105
2018-11-02,164.21,168.99,161.33,163.52,664125
2018-11-05,163.22,167.6,159.73,161.33,299330
2018-11-06,162.72,166,157.45,162.52,243563
2018-11-07,163.42,165.41,161.53,164.41,184485
2018-11-08,165.01,169.59,154.86,155.26,368904
2018-11-09,155.36,155.75,147.29,149.09,636406
2018-11-13,148.29,150.68,142.82,145.8,535180
2018-11-14,138.34,149.19,138.24,145.8,348740
2018-11-15,145.01,148.09,137.34,137.34,352899
2018-11-16,140.53,144.31,128.29,131.77,727914
2018-11-19,131.77,136.55,129.48,133.36,448892
2018-11-20,130.57,134.36,123.71,128.38,889635
2018-11-21,130.38,136.94,129.68,136.84,449672
2018-11-22,138.44,139.73,131.67,138.34,294570
2018-11-23,140.13,140.83,134.85,139.53,216746
2018-11-26,141.32,143.21,134.56,138.24,275939
2018-11-27,139.03,139.03,131.97,134.16,247555
2018-11-28,135.45,138.83,133.96,137.34,330712
2018-11-29,139.33,143.31,138.54,140.33,249167
2018-11-30,141.02,141.72,134.36,141.52,340376
2018-12-03,148.09,155.85,147.89,153.27,751049
2018-12-04,153.56,153.96,149.38,153.37,429232
2018-12-05,149.28,150.08,144.41,147.69,437098
2018-12-06,145.3,146.5,142.12,143.01,230558
2018-12-07,144.31,148.99,143.01,143.31,254978
2018-12-10,141.52,144.91,139.53,139.53,194311
2018-12-11,141.02,143.11,139.43,139.73,206844
2018-12-12,142.02,143.21,139.33,141.12,208645
2018-12-13,143.11,144.51,139.93,143.31,194279
2018-12-14,141.32,145.6,140.63,142.92,173809
2018-12-17,143.51,143.71,138.34,138.34,207385
2018-12-18,137.44,142.72,134.75,141.92,287534
2018-12-19,142.12,152.27,140.53,152.27,400739
2018-12-20,148.59,152.07,147.69,149.09,382682
2018-12-21,149.38,156.05,148.29,150.28,652480
2018-12-27,155.26,156.25,145.9,146.8,239063
2018-12-28,144.31,146.2,142.52,144.91,286100
2019-01-02,144.71,150.58,141.42,150.28,197959
2019-01-03,150.08,150.08,146.3,147.29,224657
2019-01-04,147.29,150.08,147.29,149.98,164736
2019-01-07,151.28,153.86,150.78,152.97,188888
2019-01-08,153.76,155.95,151.28,152.87,279644
2019-01-09,153.37,164.21,153.27,164.21,479436
2019-01-10,163.72,171.38,159.34,170.18,698399
2019-01-11,172.18,176.26,163.22,164.31,486801
2019-01-14,163.22,163.22,158.04,158.74,263282
2019-01-15,160.43,163.22,158.24,161.53,314190
2019-01-16,163.22,165.81,162.72,165.81,150558
2019-01-17,164.21,171.18,163.82,170.28,370855
2019-01-18,172.18,174.17,169.69,173.07,303242
2019-01-21,172.97,172.97,169.89,171.98,122702
2019-01-22,171.88,175.56,171.48,173.27,149163
2019-01-23,176.65,197.45,175.16,193.67,1230084
2019-01-24,193.87,200.44,185.11,189.09,783197
2019-01-25,190.09,193.47,186.9,188.89,362165
2019-01-28,187,191.28,184.32,186.71,242434
2019-01-29,186.71,191.68,184.81,189.19,223302
2019-01-30,191.08,196.76,190.09,194.17,307399
2019-01-31,197.06,198.05,189.09,189.09,444420
2019-02-01,189.09,191.18,187.2,189.09,219144
2019-02-04,189.09,190.09,186.51,189.79,181149
2019-02-05,190.59,192.08,188.1,190.69,150414
2019-02-06,190.09,190.09,180.24,181.63,507096
2019-02-07,180.53,182.43,175.96,177.15,359724
2019-02-08,176.55,181.43,175.76,177.45,342691
2019-02-11,179.54,184.12,178.64,182.82,264140
2019-02-12,184.12,184.91,173.27,176.26,337375
2019-02-13,178.15,180.34,172.57,176.26,287915
2019-02-14,176.26,178.94,174.76,177.35,127465
2019-02-15,176.75,182.13,175.46,181.63,211242
2019-02-18,183.12,184.02,179.64,180.14,176378
2019-02-19,180.14,182.62,174.17,176.75,196131
2019-02-20,176.65,181.73,174.96,181.73,209141
2019-02-21,181.63,181.63,177.15,179.14,224666
2019-02-22,178.35,180.34,176.45,177.45,227485
2019-02-25,177.45,181.93,177.45,181.13,133857
2019-02-26,181.13,184.91,178.94,184.81,196822
2019-02-27,184.02,189.39,181.53,188.6,326203
2019-02-28,189.09,194.07,188.3,189.19,298474
2019-03-01,191.08,192.08,188.7,192.08,131913
2019-03-04,191.08,192.78,186.8,188.5,148881
2019-03-05,187.7,189.09,186.21,186.71,73891
2019-03-06,188,188.4,186.01,187.1,162133
2019-03-07,187.1,188.1,184.12,184.52,132296
2019-03-08,184.42,186.11,181.73,182.13,152452
2019-03-11,181.13,183.42,180.73,181.03,225490
2019-03-12,183.22,184.22,175.66,179.04,273493
2019-03-13,179.14,183.22,177.25,183.12,246091
2019-03-14,183.22,183.82,181.53,182.72,163949
2019-03-15,182.23,186.11,181.93,185.21,381161
2019-03-18,185.21,188.6,183.12,187.5,191794
2019-03-19,186.51,189.39,184.71,187.4,137265
2019-03-20,189.89,189.89,184.81,185.21,163402
2019-03-21,185.31,186.01,181.73,184.42,164577
2019-03-22,186.21,187.8,184.02,185.01,139925
2019-03-25,183.92,186.8,182.43,183.62,192700
2019-03-26,184.62,185.41,182.23,184.91,108710
2019-03-27,185.41,199.05,182.92,194.97,726721
2019-03-28,196.06,201.43,193.37,200.24,361630
2019-03-29,201.04,203.62,195.16,199.05,383935
2019-04-01,200.04,208.3,198.55,203.03,426563
2019-04-02,204.02,211.98,204.02,211.69,328748
2019-04-03,213.97,218.85,213.48,218.85,442078
2019-04-04,218.95,219.45,203.62,206.01,666653
2019-04-05,206.01,206.91,199.64,203.03,366047
2019-04-08,204.22,207.41,201.53,203.23,347781
2019-04-09,204.72,204.92,201.83,202.33,220084
2019-04-10,202.33,206.91,202.33,206.91,307197
2019-04-11,208.2,212.98,207.7,212.28,314565
2019-04-12,213.78,213.78,207.51,207.51,225473
2019-04-15,208,212.28,208,211.49,148452
2019-04-16,211.98,213.28,205.91,206.71,151861
2019-04-17,206.51,206.51,199.34,200.04,419128
2019-04-18,200.04,202.03,195.16,201.04,235440
2019-04-23,202.03,206.51,202.03,206.01,201277
2019-04-24,208.5,211.39,205.52,210.19,232876
2019-04-25,210.59,211.49,206.11,208.9,185180
2019-04-26,207.41,210.99,207.41,210.59,115569
2019-04-29,211.49,212.38,209.3,211.49,106152
2019-04-30,210.99,213.88,209,213.88,205833
2019-05-02,213.97,215.67,209.4,211.79,196571
2019-05-06,209.3,210.79,207.11,208.8,124449
2019-05-07,209.99,214.87,209,209.1,200959
2019-05-08,209.6,214.27,209.6,213.97,199563
2019-05-09,214.47,218.45,212.18,213.28,215176
2019-05-10,214.67,214.97,210.29,211.09,149101
2019-05-13,211.09,212.08,204.32,205.81,289485
2019-05-14,207.01,210.39,205.32,208.4,199173
2019-05-15,210.69,211.49,206.61,208.3,150226
2019-05-16,208.2,212.38,208.2,211.49,276518
2019-05-17,211.59,211.79,207.11,210.09,154075
2019-05-20,209.4,210.39,201.83,205.32,221051
2019-05-21,205.52,207.7,201.14,204.32,208667
2019-05-22,205.02,207.41,201.43,202.33,459552
2019-05-23,203.03,208.5,203.03,205.02,264009
2019-05-24,212.68,223.83,211.29,217.36,716842
2019-05-27,217.96,220.94,214.67,215.37,164446
2019-05-28,214.97,219.55,212.78,212.78,719105
2019-05-29,213.97,214.07,205.12,208.7,433167
2019-05-30,209,214.7,204.6,214.3,255550
2019-05-31,211,213.2,206.4,207.8,420938
2019-06-03,208.7,209.6,203,203,364295
2019-06-04,203,207,197.4,207,473776
2019-06-05,209,211.5,207.7,209.8,192364
2019-06-06,210.7,212.6,207.8,212,203944
2019-06-07,213,219.6,212.9,219.5,272333
2019-06-10,232.1,233,220,228.5,886619
2019-06-11,229.1,229.6,220.2,221.5,588078
2019-06-12,222.5,222.9,210.2,210.3,611566
2019-06-13,209,215.8,205,206.6,679503
2019-06-14,207,209.3,206.4,208.5,452545
2019-06-17,208.5,209.9,203.5,204,254724
2019-06-18,204,208.2,200.6,204.5,407216
2019-06-19,206,208.4,205,207.6,252944
2019-06-21,207.5,208.3,202.1,202.6,694667
2019-06-24,204.9,206.5,201.3,201.3,388256
2019-06-25,204,205.2,201.8,202.4,511096
2019-06-26,202.8,208.5,202.5,208.5,303547
2019-06-27,208.5,214.4,207.2,214.1,400852
2019-06-28,214.90,218.60,214.30,215.30,730590
2019-07-01,218.3,218.6,210.7,216.6,314376
2019-07-02,216.4,216.4,209.7,215,279829
2019-07-03,214,215.8,212.2,215.8,135919
2019-07-04,215,215.6,211.5,213.5,112503
2019-07-05,213.5,217.4,213,216.9,176654
2019-07-08,215.7,217.4,214,217,310115
2019-07-09,215.3,216.1,212.1,212.5,233709
2019-07-10,212.9,217,212.6,215.9,166681
2019-07-11,216.6,217.4,215,217.4,302002
2019-07-12,217.5,219.6,216.5,217.2,222447
2019-07-15,217.2,219,216.5,218,87193
2019-07-16,218.1,219,217.1,217.8,86161
2019-07-17,218,222.2,217,219.3,229762
2019-07-18,218,221,217.3,219.6,170772
2019-07-19,220.6,225.9,220.1,223,419776
2019-07-22,223,226.4,222.9,224.9,160718
2019-07-23,225,226,222.6,224.5,154854
2019-07-24,224.5,226.9,224,226.6,224553
2019-07-25,226.8,227.4,221.2,221.7,289483
2019-07-26,222,225.4,219.3,224.2,195770
2019-07-29,225,226.2,222.3,222.9,77286
2019-07-30,223.3,225.9,222.3,225.9,110565
2019-07-31,225.7,231.1,224.6,230,464597
2019-08-01,229.8,232.1,227.3,230,273775
2019-08-02,228,229.9,225.2,225.5,201647
2019-08-05,225,226,211.7,211.7,363738
2019-08-06,211.7,222,211.6,217.9,322859
2019-08-07,220.3,221.7,213.3,215,301255
2019-08-08,218.3,220.4,216.5,217.9,189706
2019-08-09,220.1,221.8,217.5,218.4,234655
2019-08-12,219.7,223.9,217.7,220,132599
2019-08-13,220,225.2,220,224,325030
2019-08-14,223.4,225,219.7,220.3,370451
2019-08-16,220.3,232.8,217.8,231.3,475473
2019-08-19,231.3,238.8,231.2,236,375830
2019-08-20,236,237.9,229,234.2,284785
2019-08-21,233.2,238.1,233.2,238,190439
2019-08-22,238,240.9,234.2,239.4,402617
2019-08-23,240,241.5,235.9,240.4,205711
2019-08-26,236,241.5,234.8,241.1,183084
2019-08-27,241,246.9,240.4,245.2,574986
2019-08-28,245.7,246.6,239.8,242.6,256208
2019-08-29,242,248.2,241,248.2,329680
2019-08-30,250,259.8,249.2,253,807671
2019-09-02,253,253.9,247.6,250,191336
2019-09-03,249.7,250.5,246.4,249.1,187927
2019-09-04,250.5,254.2,250.2,251.3,287683
2019-09-05,253,254.8,250.8,251.9,220216
2019-09-06,253.3,255.7,251,255.5,201971
2019-09-09,256.8,261.7,256.5,260,295148
2019-09-10,260,260.9,247.5,249,411902
2019-09-11,250,253.9,249.5,252,234886
2019-09-12,254,254.7,249,251,173825
2019-09-13,251,253,248,248.7,169211
2019-09-16,248.5,253.6,247.3,250.6,258633
2019-09-17,250.2,250.7,248.5,250,147640
2019-09-18,249.8,250.2,244.5,245.4,276667
2019-09-19,245.5,247.8,243.8,244.8,139712
2019-09-20,246,247.1,240.8,244.1,433734
2019-09-23,244.1,247,236.4,243.4,218745
2019-09-24,243.7,248.5,242.3,248.5,200623
2019-09-25,249,249,241.1,244.9,141231
2019-09-26,245,248.2,245,248,87809
2019-09-27,247.3,247.9,244.4,245.1,65827
2019-09-30,245.6,245.6,242,243.4,124748
2019-10-01,244.1,245,237.9,240.8,339753
2019-10-02,240.1,240.2,234,234.3,216796
2019-10-03,233,240.7,233,239,146034
2019-10-04,239.5,244,236.6,238.7,156806
2019-10-07,239.8,240.9,236,236,130505
2019-10-08,237.8,237.9,231,233.2,211101
2019-10-09,235,238.6,233.3,238.2,111640
2019-10-10,239,239.5,230,230.5,236345
2019-10-11,232.9,237.6,232,237,166415
2019-10-14,238.2,243,234,243,136976
2019-10-15,244,248.3,243.1,246.8,151073
2019-10-16,246.9,246.9,240.8,241,134797
2019-10-17,240.6,242.3,234.7,234.7,231588
2019-10-18,235,238.4,232.7,235,104610
2019-10-21,237.5,238.6,232,233,99468
2019-10-22,233,237,231.1,234.6,174993
2019-10-23,234.8,236.5,233.3,235.4,98153
2019-10-24,237,243.6,235.6,241.9,264820
2019-10-25,241.9,244.5,240.5,242.4,135150
2019-10-28,242.5,244.9,242.4,244.9,67251
2019-10-29,245,248.3,244.6,246,237343
2019-10-30,245.1,254.3,245.1,254.3,323952
2019-10-31,254.3,257,250.3,252.1,197305
2019-11-04,256.8,258.7,253.9,258.3,262328
2019-11-05,258.5,259.8,254,255.2,213900
2019-11-06,256,259.5,253.2,259.5,175238
2019-11-07,259.8,267.9,259.5,267.5,272481
2019-11-08,266,266,260.8,260.8,238840
2019-11-12,262.7,264,256.5,260,305298
2019-11-13,260,266.8,260,265.3,266317
2019-11-14,266.2,266.4,258.6,261,254642
2019-11-15,261.4,264.9,260.6,262.5,178555
2019-11-18,264.9,265.7,263.2,265.7,121229
2019-11-19,266,267.5,263.5,265.5,131559
2019-11-20,265.2,267,263.7,267,179338
2019-11-21,267,267.4,260,263.4,195382
2019-11-22,265.9,268.9,261.7,266,209428
2019-11-25,267,267.9,263.6,266,110169
2019-11-26,266.8,268,263.8,266.5,410959
2019-11-27,267.5,268.4,265.1,268.4,131991
2019-11-28,268,269.2,266.8,269.2,60172
2019-11-29,269.2,269.2,261,262.5,245129
2019-12-02,264,264.9,253.8,257.5,343806
2019-12-03,258,261.9,256.9,257,210176
2019-12-04,259.4,262.1,258,260.3,203230
2019-12-05,261.5,262.7,260,262,159737
2019-12-06,261.5,264.3,258.1,261.3,135204
2019-12-09,262.4,263.9,257.5,263.9,93267
2019-12-10,264,264,257,257.1,137756
2019-12-11,257,259.4,253,253,190835
2019-12-12,255.4,258.8,252.4,258,217125
2019-12-13,258.7,260.7,253,254.5,185869
2019-12-16,255,257.8,252.5,256.4,130521
2019-12-17,257.7,264,253.8,262.6,227121
2019-12-18,264.6,268.7,260.8,268.1,271418
2019-12-19,268.5,272,266.2,268.7,322475
2019-12-20,270,271.1,267.8,270.1,310732
2019-12-23,272,280,270.2,280,283552
2019-12-27,281,285,277.2,277.7,204130
2019-12-30,277.2,282.7,277.1,279.5,160022
2020-01-02,282,286.8,281,286.8,167487
2020-01-03,287,289.8,281.1,286,243976
2020-01-07,287.1,288.4,282.9,283.8,212866
2020-01-08,283.5,283.8,277.3,281.1,224466
2020-01-09,284,288.6,283,288.6,194898
2020-01-10,289.5,292.7,284.5,285,264610
2020-01-13,287.8,290.6,284.2,290.6,209116
2020-01-14,290.5,291.8,286.2,288.5,269718
2020-01-15,289.4,289.6,282.7,283.2,262715
2020-01-16,282.5,286,279.2,282.3,248310
2020-01-17,253.8,268,243,266.5,2794383
2020-01-20,268.7,282.6,267.1,281.5,763165
2020-01-21,281.7,285.7,273.6,278.8,442059
2020-01-22,281.9,284,274.4,275.6,497118
2020-01-23,274,278.5,272.8,274,455065
2020-01-24,273,277.5,271.2,276,329149
2020-01-27,277.1,279.3,268.3,271,262715
2020-01-28,271.5,276.3,271.5,276.3,245633
2020-01-29,277,277.9,274.2,277.3,399482
2020-01-30,277,278.4,274,277.9,335483
2020-01-31,278,281.6,274.5,281.6,555265
2020-02-03,280.6,293.5,279.5,293.5,590142
2020-02-04,293.5,305,290.3,305,665747
2020-02-05,303,320.6,302.3,308,787824
2020-02-06,309.5,314.5,305.7,313.7,331441
2020-02-07,313.3,316.8,307.4,308.8,234342
2020-02-10,310.9,313.4,310,310.7,122257
2020-02-11,313,317,310.5,310.5,216763
2020-02-12,311,315.8,308.4,313.2,234320
2020-02-13,313.1,318.7,312.2,318.7,253247
2020-02-14,319.3,326.8,317.5,326,397178
2020-02-17,327.6,336,323.6,326,171203
2020-02-18,325.4,330.8,323,329,114450
2020-02-19,330,331.9,325.7,330.8,306093
2020-02-20,330.6,331.9,326.6,328.5,197254
2020-02-21,328,334,326.6,331,202845
2020-02-24,327.6,330,319,320.2,400033
2020-02-25,316.2,321.7,305.3,307.3,615225
2020-02-26,301.6,316.6,297,307.8,527802
2020-02-27,308,311,290.7,292.5,458097
2020-02-28,276,286,261.6,278.5,1106623
2020-03-02,287.9,298,272,284.4,677207
2020-03-03,295,306.9,290.2,305.8,745525
2020-03-04,300.3,304.4,292.5,295.6,412457
2020-03-05,303,305.5,294.2,297.6,303548
2020-03-06,294.6,294.9,283,293.2,363928
2020-03-09,266,284,259.5,270,706198
2020-03-10,275,280,268,270.3,454369
2020-03-11,271,271.7,242,251,797219
2020-03-12,228,235,205.2,216.1,1333242
2020-03-13,230,253,223.8,243.9,1236428
2020-03-16,235.9,272,222,252,982178
2020-03-17,262,272.8,255.2,268.6,861016
2020-03-18,269.5,281.2,255.3,258.3,715112
2020-03-19,258.3,273.5,256.5,273.5,511952
2020-03-20,281,283.3,256.4,266.5,934660
2020-03-23,257.1,272,250,265.2,439015
2020-03-24,277.1,280.6,268.3,276.6,433759
2020-03-25,284,287.7,272,277.6,382919
2020-03-26,275.9,281.8,273.5,281.1,294820
2020-03-27,282.5,283.8,274.6,279,284034
2020-03-30,280,280.9,273.2,280.9,279021
2020-03-31,283,289.9,281.2,289.1,355097
2020-04-01,283.5,287.9,279,282.1,268501
2020-04-02,282.1,287.8,276.5,287.8,289435
2020-04-03,289,297.8,285.1,297,414091
2020-04-06,305,318.7,304.3,318.2,399014
2020-04-07,329,331.6,302.7,302.7,566762
2020-04-08,295,311.8,293,308.9,303777
2020-04-09,331,333.9,319.7,329,688443
2020-04-14,331,342.8,324.6,342,414126
2020-04-15,343.7,344.9,338.3,342.2,571736
2020-04-16,342.8,344.6,332.7,334.2,416488
2020-04-17,338.3,344.2,337,339.5,233059
2020-04-20,339,346,335,345.2,224055
2020-04-21,342.6,344.2,336,336,187420
2020-04-22,336,347,334,347,259665
2020-04-23,343,354.7,342,354.7,303812
2020-04-24,351.6,373.4,344,363.4,446099
2020-04-27,367.5,374,366.1,368,327997
2020-04-28,368.3,372.4,358.3,359.1,328814
2020-04-29,359.1,365.1,353.4,361.2,256529
2020-04-30,362.7,367.5,351.4,357.6,326043
2020-05-04,351,365,348.6,357.9,245954
2020-05-05,360.3,361,351.2,357.5,205543
2020-05-06,361.5,363.6,356.3,360,432837
2020-05-07,360,363.2,354.1,355.6,197347
2020-05-08,359.2,359.7,352.5,354.9,192114
2020-05-11,358,363.6,354.1,363,237309
2020-05-12,360.8,375.9,360.5,372.8,422044
2020-05-13,371,379.6,370.4,379.5,275912
2020-05-14,377.1,378.6,364.2,370,341333
2020-05-15,370.1,374.6,366.3,371.1,240329
2020-05-18,375.4,385.2,371,385.2,244895
2020-05-19,388.1,389,377.7,379.7,247629
2020-05-20,381.8,397.4,380.2,395,326271
2020-05-21,394.8,400.2,391.4,392.6,323010
2020-05-22,390,396.9,388.8,393.4,224817
2020-05-25,395.4,403.1,395.4,397.5,114837
2020-05-26,400,417.7,398,413,431807
2020-05-27,413,413.5,381,381.5,708638
2020-05-28,389.1,399.7,385.3,399,375602
2020-05-29,411,412.9,393.1,403.8,844539
2020-06-01,405,407.7,394.7,396.9,211412
2020-06-02,396,397.4,385.5,388.2,483494
2020-06-03,390,398,386,388.1,273641
2020-06-04,386.6,394.3,386,392.6,290667
2020-06-05,394.5,396,388.5,390.6,382035
2020-06-08,386.1,388.5,370.8,370.8,464852
2020-06-09,372,385.9,352.2,385.9,389151
2020-06-10,388.5,393.2,381,393.2,279795
2020-06-12,378.1,388.7,371.9,379.3,332987
2020-06-15,375,381.8,373,373.1,299781
2020-06-16,377.8,385.5,375.4,379.3,153016
2020-06-17,383.8,391.4,377.5,387.4,271985
2020-06-18,387.4,396.5,386.2,387.3,185354
2020-06-19,373.4,393.9,373.3,392.7,861534
2020-06-22,390,409,388,407.1,458160
2020-06-23,407.3,412,400.2,404,240157
2020-06-24,410,412.9,405,407.6,192029
2020-06-25,408,412.6,405,412.6,226136
2020-06-26,415,416.5,395,395.3,534525
2020-06-29,394,402.9,390,401.6,293128
2020-06-30,400,405.2,393.8,394.9,293413
2020-07-01,395.5,404.1,390,403.2,225748
2020-07-02,404.9,408.6,400.9,404.9,213800
2020-07-03,407,409.8,403.8,406,108266
2020-07-06,409.8,410.5,403.9,405,161782
2020-07-07,405,407.4,400.4,404.4,188402
2020-07-08,404.4,405.1,396.9,399.1,182174
2020-07-09,399.2,400.9,385.9,385.9,439101
2020-07-10,381.3,386,379,380,390769
2020-07-13,383,385.4,368.7,369.5,454143
2020-07-14,366.9,367.9,351.1,353.9,624805
2020-07-15,357.4,379.2,357.4,365,564238
2020-07-16,366,370.5,361.6,368.3,216848
2020-07-17,369.4,371.6,366.2,371,219457
2020-07-20,372,393.3,371.9,393.1,311464
2020-07-21,397,398,380,381,409221
2020-07-22,381.3,386,375,383,300839
2020-07-23,385.1,389.7,382.1,387.5,328465
2020-07-24,382.1,388.8,379.2,388,429776
2020-07-27,388,401.2,383.1,399.2,503004
2020-07-28,397.6,398,390.2,395.2,287328
2020-07-29,393.5,403.6,391.2,401,573524
2020-07-30,406,410.8,397.9,398.5,629451
2020-07-31,399.6,404.8,398.1,402,237486
2020-08-03,400,418.8,399.4,417,681050
2020-08-04,419,423,414.2,417.5,710091
2020-08-05,416.8,419.5,408.4,410,342348
2020-08-06,411.5,417.6,407.6,412.5,235949
2020-08-07,412,431.6,410.2,427,339692
2020-08-10,427,435,424.2,425.4,271458
2020-08-11,427.2,429.6,412.2,416.6,224346
2020-08-12,416.6,420.4,410,418,229809
2020-08-13,418,419.9,410.7,410.7,308820
2020-08-14,409.8,415.9,407,410.7,169427
2020-08-17,410.7,415,407.4,408,321626
2020-08-18,408,409.6,401.4,406.3,245034
2020-08-19,406,415,404,415,189910
2020-08-20,414,414,404.6,408.6,139003
2020-08-21,413.5,415.4,409,409.2,178876
2020-08-24,414.2,419.1,411.8,414.6,187027
2020-08-25,414,416,407,408,252312
2020-08-26,409.5,437.7,407.8,437,251762
2020-08-27,435,462,433.1,460.8,635392
2020-08-28,455.3,458.3,443.8,446,352899
2020-08-31,446,449.9,435,438.5,335642
2020-09-01,438.5,447.8,436.4,440.7,279982
2020-09-02,439.1,451,438.1,439.9,167363
2020-09-03,443.4,446.8,429.8,430.6,302440
2020-09-04,419.8,435.9,411.6,428,813825
2020-09-07,430.1,439.1,425.7,436.6,152475
2020-09-08,440,440.3,428.2,433.4,388166
2020-09-09,433,434.3,426.6,432,419624
2020-09-10,431.3,433.3,427.8,429,460988
2020-09-11,430,433,427.1,430.2,423621
2020-09-14,433,434.5,417.3,417.3,609769
2020-09-15,417.2,417.2,400.5,403,449657
2020-09-16,405.6,412.9,401.5,405.3,343710
2020-09-17,402,406.2,396.8,404,328478
2020-09-18,405,411.3,402.1,402.1,687672
2020-09-21,402,409.2,385.3,385.3,421148
2020-09-22,391.3,407.9,390.2,400.9,558150
2020-09-23,400.9,409.4,400.9,407,321576
2020-09-24,404,409.4,398.3,402.6,534190
2020-09-25,404.6,410,400.1,410,280907
2020-09-28,414,429.6,413.3,429.6,315506
2020-09-29,429.9,434.7,424.5,431.4,311730
2020-09-30,425,430.4,418.4,418.4,428692
2020-10-01,416.9,416.9,377,382.6,1170664
2020-10-02,390.1,400.5,384.1,397.2,758118
2020-10-05,403,410.5,395.1,398.7,388529
2020-10-06,400,400.8,373,374.8,793733
2020-10-07,375.3,379.8,365.7,377.1,529453
2020-10-08,381.2,388.9,379.9,388.9,363144
2020-10-09,389.9,389.9,373.5,378.2,367450
2020-10-12,378,382.7,371,371,430801
2020-10-13,371,384.2,367,383,283063
2020-10-14,383,397.7,380.1,389,424438
2020-10-15,386.4,387.5,373.3,375,311455
2020-10-16,378,390,378,378.6,627822
2020-10-19,381.6,384,372,372,310368
2020-10-20,372,378,362.2,367.9,485651
2020-10-21,367.2,369.4,354.7,365.8,686253
2020-10-22,360,376.5,358,366.6,333209
2020-10-23,367.4,370.1,352.7,353.5,782009
2020-10-26,354.5,365.6,354,360,374905
2020-10-27,363.2,380,362.6,364.1,686229
2020-10-28,349,353.9,320,331,1568707
2020-10-29,336,356.5,334,354,764403
2020-10-30,351.7,352,333.3,335.4,582121
2020-11-02,343.6,348.8,341.4,342.7,463670
2020-11-03,347.5,366.5,343,365,585150
2020-11-04,365,386.9,359.8,381.2,754994
2020-11-05,387.9,396.2,370,371.1,764027
2020-11-06,373,389,371.5,383.1,378072
2020-11-09,389,401.1,369.1,371.4,973131
2020-11-10,375,378.7,353.5,365.7,808745
2020-11-12,371,378.4,367.2,372.4,443935
2020-11-13,372.5,372.5,363.1,363.4,286437
2020-11-16,370,371.9,360.4,360.4,308156
2020-11-17,360,371,359.2,369.6,293779
2020-11-18,371,378.8,370,374.5,309337
2020-11-19,374,374,365.5,368,338478
2020-11-20,368.1,376.1,368,372.2,295547
2020-11-23,377.5,389,372,372.6,325867
2020-11-24,375,377,365.5,371.1,278353
2020-11-25,372.2,373.5,363.1,364,346767
2020-11-26,369,377.5,358,358.9,496367
2020-11-27,359,364,352.6,362.7,382787
2020-11-30,366,391.2,366,389.5,1054873
2020-12-01,392.4,418.2,392.4,406,938472
2020-12-02,411.2,426,404.7,425,565809
2020-12-03,426,428,418,421,482448
2020-12-04,422.8,443.5,422.5,443,471516
2020-12-07,446.5,464.2,401.9,425.1,1427636
2020-12-08,400,410.4,385,395,1871186
2020-12-09,399.7,412.1,383.2,395.8,1413456
2020-12-10,391.5,401.1,358.3,362,2046291
2020-12-11,358.8,358.8,308.3,320.5,3966471
2020-12-14,265,298,238.5,296.1,5364891
2020-12-15,303.8,316.8,294,300,2655726
2020-12-16,299.3,304,290,300,1120401
2020-12-17,305,313.9,305,309.2,1073399
2020-12-18,260,272.6,242.5,271.4,5437869
2020-12-21,260,265.3,248,256,2711140
2020-12-22,262.6,275.9,262,267.7,1494473
2020-12-23,275,275.6,252,269,1448707
2020-12-28,265,274,257.1,274,1032496
2020-12-29,279.5,285.2,274.4,280.5,690382
2020-12-30,280.5,280.5,270.4,274.7,650137
2021-01-04,276.5,279,268.1,276.4,694603
2021-01-05,275.6,275.6,263.6,265.7,907149
2021-01-07,267,267.1,248,248,1523326
2021-01-08,250.2,253.4,234.2,239.9,1521292
2021-01-11,240,257,240,246,795943
2021-01-12,246,252.9,243,248.5,656346
2021-01-13,248.5,253.5,247.1,249.9,654826
2021-01-14,253.4,277.1,251.3,265,1285147
2021-01-15,265,267.2,251.1,256.2,760614
2021-01-18,257,258.2,249.3,253.5,480233
2021-01-19,255.3,257,242.8,248.2,752443
2021-01-20,247,255.7,239,252.7,741544
2021-01-21,255,260.5,251.6,253.2,901494
2021-01-22,252,257,249.9,250.1,519925
2021-01-25,252,276.6,250.3,275.7,1607105
2021-01-26,273.1,300,273.1,300,2679833
2021-01-27,308,345,308,315.8,5869312
2021-01-28,311.2,376.5,299.1,365,6857539
2021-01-29,354,358,297.7,305.2,2947173
2021-02-01,305.5,316,291.3,305.8,1008657
2021-02-02,305.5,305.9,282.4,283.3,1379193
2021-02-03,284,295.6,283.4,288,690037
2021-02-04,288.1,298.8,288.1,291,403339
2021-02-05,293.2,297.9,288.2,293.4,434366
2021-02-08,297,297.8,286.3,286.3,484611
2021-02-09,287,288.2,268.4,270,1125810
2021-02-10,268.9,275.5,264.4,269.5,655249
2021-02-11,268.5,271.4,268,270.5,350845
2021-02-12,269.1,269.7,260.3,263,366961
2021-02-15,260,270.6,258.3,270,270924
2021-02-16,271,273.2,266.7,270.1,326736
2021-02-17,272.1,272.5,268.1,271.3,294253
2021-02-18,271.3,283.5,269.2,275,498948
2021-02-19,275,278.9,264.7,265.4,429130
2021-02-22,266.4,268.2,258,258.1,467362
2021-02-23,259,261.1,250.1,257.7,556188
2021-02-24,258.2,262.3,256,258.2,341058
2021-02-25,255,256,249.1,251.6,767659
2021-02-26,249.6,249.9,234.2,236.6,1478281
2021-03-01,237.4,241,225.2,240.3,1089101
2021-03-02,240.9,245.9,236,241.3,674141
2021-03-03,241.8,245.3,227,228.3,836642
2021-03-04,228.3,237.5,226,235,531892
2021-03-05,233.5,237.8,228.8,232,458449
2021-03-08,234.9,237.5,232,232,407552
2021-03-09,231.5,233.7,223,223,1020824
2021-03-10,223,226.7,210.2,210.2,1227035
